NAME,GEOID,minx,miny,maxx,maxy
Abingdon,1700113,-90.414639,40.791531,-90.385946,40.816236
Adair,1700178,-90.505874,40.412235,-90.49121,40.424295
Adams,1700191,-91.213516,39.859836,-91.185017,39.885834
Addieville,1700230,-89.495755,38.383677,-89.477149,38.399729
Addison,1700243,-88.05218,41.904996,-87.959657,41.957445
Adeline,1700295,-89.496942,42.135841,-89.486918,42.144682
Albany,1700516,-90.234601,41.779204,-90.200315,41.795074
Albers,1700555,-89.640039,38.531719,-89.602666,38.552384
Albion,1700568,-88.080167,38.360519,-88.028816,38.393473
Alden,1700594,-88.523226,42.45511,-88.513467,42.462306
Aledo,1700646,-90.761953,41.185186,-90.71822,41.214498
Alexander,1700659,-90.051704,39.71414,-90.02235,39.730959
Alexis,1700672,-90.563305,41.057105,-90.546781,41.068328
Algonquin,1700685,-88.383651,42.132401,-88.257476,42.193731
Alhambra,1700737,-89.749751,38.880932,-89.723495,38.891964
Allendale,1700815,-87.716023,38.523825,-87.703439,38.531301
Allenville,1700867,-88.547199,39.552477,-88.52811,39.564363
Allerton,1700880,-87.947533,39.906678,-87.928033,39.923397
Alma,1700919,-88.921736,38.71508,-88.901738,38.730622
Alpha,1700971,-90.38628,41.184759,-90.375128,41.201216
Alsey,1700997,-90.439758,39.553721,-90.425765,39.564909
Alsip,1701010,-87.778572,41.651704,-87.694909,41.690891
Altamont,1701049,-88.75745,39.036438,-88.733934,39.072303
Alto Pass,1701205,-89.334946,37.561702,-89.304901,37.583827
Alton,1701114,-90.209312,38.8628,-90.088186,38.948697
Altona,1701140,-90.173813,41.107014,-90.15419,41.123053
Alvan (Alvin),1701242,-87.614799,40.300247,-87.597198,40.314751
Amboy,1701270,-89.421265,41.701867,-89.314099,41.757939
Anchor,1701361,-88.544878,40.565791,-88.53344,40.573038
Andalusia,1701426,-90.737998,41.430269,-90.696081,41.446553
Andover,1701491,-90.300377,41.287602,-90.28116,41.302398
Andres,1701517,-87.885073,41.367337,-87.877706,41.376139
Anna,1701543,-89.261321,37.445456,-89.207438,37.475962
Annapolis,1701556,-87.821634,39.13726,-87.810907,39.148478
Annawan,1701569,-89.915899,41.384598,-89.848238,41.410423
Antioch,1701595,-88.128599,42.446679,-87.991626,42.495637
Apple Canyon Lake,1701647,-90.18572,42.404577,-90.14284,42.452867
Apple River,1701673,-90.104071,42.495763,-90.08532,42.508295
Arbury Hills,1701803,-87.850374,41.532146,-87.840568,41.539512
Arcola,1701881,-88.320815,39.673574,-88.283587,39.695372
Arenzville,1701946,-90.380107,39.87488,-90.358759,39.88607
Argenta,1701972,-88.832091,39.976077,-88.805528,39.992448
Argyle,1702050,-88.950862,42.348304,-88.930034,42.363008
Arlington,1702102,-89.258053,41.466227,-89.23941,41.478535
Arlington Heights,1702154,-88.026753,42.033157,-87.944761,42.153663
Armington,1702206,-89.32116,40.334811,-89.305663,40.343366
Aroma Park,1702258,-87.825202,41.062987,-87.772686,41.099122
Arrowsmith,1702342,-88.636447,40.445497,-88.627343,40.453031
Arthur,1702414,-88.491373,39.704765,-88.451737,39.729168
Ashkum,1702479,-87.967313,40.869558,-87.942309,40.884977
Ashland,1702505,-90.01788,39.88134,-89.994476,39.894642
Ashley,1702531,-89.200018,38.316144,-89.177876,38.338438
Ashmore,1702557,-88.02752,39.519181,-88.01088,39.538997
Ashton,1702583,-89.235932,41.862366,-89.213014,41.874393
Assumption,1702609,-89.061873,39.511677,-89.036114,39.526256
Astoria,1702635,-90.366321,40.222389,-90.344428,40.232126
Athens,1702674,-89.741398,39.950827,-89.704635,39.973301
Atkinson,1702726,-90.025077,41.405274,-89.974396,41.435366
Atlanta,1702752,-89.243266,40.252221,-89.217048,40.278969
Atwood,1702882,-88.471348,39.790197,-88.451085,39.808956
Auburn,1702921,-89.76366,39.54856,-89.721575,39.603084
Augusta,1702986,-90.959501,40.222877,-90.940115,40.240303
Aurora,1703012,-88.408212,41.679869,-88.204982,41.822179
Ava,1703103,-89.509538,37.881033,-89.486537,37.895856
Aviston,1703181,-89.622075,38.601761,-89.587469,38.634035
Avon,1703207,-90.448159,40.655824,-90.425164,40.666635
Baileyville,1703337,-89.598546,42.192849,-89.590605,42.207435
Baldwin,1703454,-89.861051,38.1771,-89.833229,38.188206
Banner,1703571,-89.924596,40.503057,-89.903397,40.524607
Bannockburn,1703610,-87.88978,42.181315,-87.851884,42.20382
Bardolph,1703675,-90.572141,40.488384,-90.552476,40.502953
Barrington,1703844,-88.159444,42.128248,-88.096705,42.168791
Barrington Hills,1703883,-88.266671,42.077881,-88.136003,42.1942
Barry,1703948,-91.050126,39.683493,-91.02462,39.71326
Barstow,1703987,-90.360065,41.511424,-90.353328,41.519743
Bartelso,1704000,-89.474841,38.53225,-89.44603,38.543675
Bartlett,1704013,-88.269244,41.94145,-88.148897,42.015752
Bartonville,1704039,-89.708721,40.605948,-89.612009,40.667875
Basco,1704052,-91.205028,40.324379,-91.192126,40.330879
Batavia,1704078,-88.363011,41.816438,-88.25977,41.871263
Batchtown,1704117,-90.673281,39.025477,-90.635863,39.040261
Bath,1704156,-90.150418,40.186268,-90.136367,40.19772
Bay View Gardens,1704273,-89.541158,40.80451,-89.512571,40.81702
Baylis,1704247,-90.91589,39.724342,-90.90307,39.735439
Beach Park,1704303,-87.894042,42.396533,-87.819345,42.457517
Beardstown,1704351,-90.443992,39.96616,-90.391318,40.024387
Beason,1704403,-89.197974,40.135798,-89.187829,40.150317
Beaverville,1704507,-87.659608,40.948566,-87.648966,40.959146
Beckemeyer,1704533,-89.444953,38.600885,-89.415067,38.61054
Bedford Park,1704572,-87.854154,41.748209,-87.741599,41.785131
Beecher,1704585,-87.640803,41.335205,-87.597294,41.369862
Beecher City,1704598,-88.796258,39.17976,-88.777587,39.194334
Belgium,1704689,-87.646439,40.054029,-87.62552,40.06557
Belknap,1704715,-88.951722,37.316044,-88.928948,37.329315
Belle Prairie City,1704793,-88.565543,38.219533,-88.547209,38.226927
Belle Rive,1704806,-88.749855,38.224206,-88.731065,38.239149
Belleville,1704845,-90.09829,38.446442,-89.905394,38.590509
Bellevue,1704871,-89.693739,40.674088,-89.642153,40.70844
Bellflower,1704897,-88.533051,40.332631,-88.517103,40.347088
Bellmont,1704936,-87.916368,38.379126,-87.904961,38.387091
Bellwood,1704975,-87.899371,41.8707,-87.85889,41.892923
Belvidere,1705092,-88.934532,42.231405,-88.803235,42.281259
Bement,1705144,-88.579998,39.915403,-88.561395,39.931752
Benld,1705209,-89.814251,39.08555,-89.792587,39.100736
Bensenville,1705248,-87.968763,41.930731,-87.914673,41.993383
Benson,1705261,-89.124802,40.845827,-89.116149,40.856961
Bentley,1705274,-91.114916,40.33441,-91.105812,40.34972
Benton,1705300,-88.947536,37.982049,-88.887843,38.080102
Berkeley,1705404,-87.920633,41.873114,-87.895511,41.899938
Berlin,1705443,-89.912696,39.749694,-89.893913,39.764568
Berwyn,1705573,-87.804199,41.821153,-87.777784,41.865392
Bethalto,1705599,-90.081954,38.869924,-90.01117,38.93116
Bethany,1705612,-88.755604,39.632287,-88.730216,39.654156
Beverly,1705729,-91.001627,39.786464,-90.977942,39.804899
Big Foot Prairie,1705859,-88.606727,42.486568,-88.596144,42.495094
Big Rock,1705976,-88.576374,41.731629,-88.488774,41.801218
Biggsville,1705898,-90.872097,40.848727,-90.854706,40.857786
Bingham,1706028,-89.218497,39.108189,-89.209117,39.116527
Bishop Hill,1706171,-90.124745,41.194189,-90.110208,41.205162
Bismarck,1706184,-87.620847,40.252662,-87.602023,40.267308
Blairsville,1706444,-89.13339,37.803376,-89.114733,37.81827
Blandinsville,1706470,-90.88459,40.5446,-90.850701,40.56249
Bloomfield,1706565,-91.309603,40.011206,-91.292201,40.022585
Bloomingdale,1706587,-88.140147,41.930453,-88.049767,41.969047
Bloomington,1706613,-89.067715,40.429435,-88.863539,40.518523
Blue Island,1706704,-87.709557,41.632796,-87.650564,41.677419
Blue Mound,1706756,-89.129967,39.692957,-89.107316,39.71104
Bluffs,1706899,-90.544759,39.742806,-90.525725,39.755771
Bluford,1706964,-88.751882,38.305055,-88.716519,38.342699
Bolingbrook,1707133,-88.179663,41.630767,-88.028444,41.735937
Bondville,1707211,-88.375177,40.101847,-88.350664,40.12034
Bone Gap,1707224,-88.004938,38.438639,-87.986044,38.451562
Bonfield,1707237,-88.064597,41.139453,-88.043894,41.15051
Bonnie,1707263,-88.919286,38.191254,-88.898187,38.21405
Bonnie Brae,1707276,-88.04276,41.597407,-88.02631,41.603205
Boody,1707315,-89.056406,39.753865,-89.037595,39.776195
Boulder Hill,1707419,-88.349071,41.700314,-88.318023,41.720542
Bourbonnais,1707471,-87.911435,41.146812,-87.849839,41.221585
Bowen,1707510,-91.073,40.227604,-91.054735,40.23893
Braceville,1707640,-88.283648,41.215529,-88.219672,41.252932
Bradford,1707692,-89.667734,41.170054,-89.648108,41.184687
Bradley,1707744,-87.894543,41.133264,-87.810345,41.206874
Braidwood,1707770,-88.265148,41.245363,-88.18949,41.29224
Breese,1707913,-89.553847,38.596135,-89.49306,38.636177
Bridgeport,1708186,-87.768777,38.701603,-87.747381,38.71899
Bridgeview,1708225,-87.825321,41.704134,-87.789927,41.769502
Brighton,1708264,-90.160049,39.028435,-90.122134,39.054305
Brimfield,1708303,-89.894869,40.821378,-89.860783,40.848963
Broadlands,1708420,-88.003829,39.90452,-87.991021,39.913141
Broadview,1708446,-87.868111,41.845534,-87.842706,41.871468
Broadwell,1708472,-89.447051,40.063427,-89.437844,40.073759
Brocton,1708524,-87.940838,39.70979,-87.926444,39.720944
Brookfield,1708576,-87.861581,41.805281,-87.831659,41.842605
Brooklyn,1708667,-90.177486,38.646246,-90.154314,38.66028
Brookport,1708706,-88.639691,37.118204,-88.620788,37.141863
Broughton,1708875,-88.476166,37.925098,-88.44849,37.94377
Browning,1708953,-90.378803,40.118626,-90.367277,40.131544
Browns,1708979,-87.987832,38.372023,-87.976872,38.381489
Brownstown,1708992,-88.965131,38.983347,-88.945065,39.002086
Brussels,1709148,-90.604543,38.941446,-90.578761,38.953718
Bryant,1709161,-90.104602,40.459796,-90.089369,40.470708
Buckingham,1709304,-88.181516,41.040081,-88.16971,41.05465
Buckley,1709317,-88.042953,40.590227,-88.030405,40.602693
Buckner,1709330,-89.02726,37.973742,-89.002318,37.987017
Buda,1709356,-89.689071,41.321687,-89.667745,41.336356
Buffalo,1709434,-89.41555,39.846143,-89.40272,39.854516
Buffalo Grove,1709447,-87.994985,42.129702,-87.910547,42.210328
Buffalo Prairie,1709499,-90.87909,41.330395,-90.81696,41.353411
Bull Valley,1709531,-88.416618,42.281836,-88.31585,42.369226
Bulpitt,1709538,-89.42827,39.589791,-89.423284,39.593834
Buncombe,1709551,-88.984256,37.456318,-88.965505,37.480736
Bunker Hill,1709577,-89.964635,39.026795,-89.940407,39.056171
Burbank,1709642,-87.799814,41.733529,-87.740928,41.756561
Bureau Junction,1709681,-89.378706,41.276812,-89.354148,41.305837
Burlington,1709759,-88.587316,42.011092,-88.513773,42.066781
Burnham,1709798,-87.564072,41.629925,-87.524997,41.644749
Burnt Prairie,1709889,-88.261318,38.248794,-88.253506,38.252811
Burr Ridge,1709980,-87.945263,41.712419,-87.886318,41.789571
Burton,1710006,-91.254314,39.899962,-91.245003,39.915567
Burtons Bridge,1710045,-88.233567,42.274497,-88.22633,42.281548
Bush,1710084,-89.138123,37.834908,-89.121553,37.848277
Bushnell,1710110,-90.532903,40.54097,-90.482638,40.567003
Butler,1710149,-89.539119,39.1917,-89.525074,39.206333
Byron,1710240,-89.298035,42.094683,-89.233025,42.152684
Cabery,1710292,-88.21063,40.991419,-88.197458,41.003189
Cable,1710305,-90.519207,41.268504,-90.493074,41.289473
Cahokia Heights,1710373,-90.231097,38.54273,-90.06569,38.609272
Cairo,1710383,-89.231458,36.970298,-89.132915,37.088868
Caledonia,1710422,-88.910428,42.362902,-88.880508,42.378149
Calhoun,1710448,-88.052399,38.643639,-88.035747,38.658812
Calumet City,1710487,-87.578559,41.581361,-87.525052,41.644729
Calumet Park,1710513,-87.670796,41.655107,-87.641547,41.677544
Camargo,1710591,-88.178949,39.791716,-88.155242,39.806551
Cambria,1710630,-89.151642,37.760101,-89.099038,37.796231
Cambridge,1710643,-90.208286,41.283113,-90.17507,41.310569
Camden,1710695,-90.782539,40.147074,-90.76335,40.159279
Cameron,1710747,-90.526039,40.882246,-90.508619,40.895185
Camp Point,1710877,-91.078256,40.019113,-91.050011,40.053707
Campbell Hill,1710773,-89.558706,37.92623,-89.540224,37.938567
Campbell's Island,1710786,-90.441435,41.53219,-90.418657,41.551024
Campton Hills,1710906,-88.477538,41.896819,-88.37496,42.003936
Campus,1710916,-88.311333,41.021447,-88.304968,41.029513
Candlewick Lake,1710936,-88.889574,42.341847,-88.851441,42.367402
Canton,1711007,-90.085797,40.531437,-89.969763,40.600745
Cantrall,1711033,-89.683517,39.931561,-89.674002,39.938972
Capron,1711124,-88.749787,42.393074,-88.725353,42.404225
Carbon Cliff,1711150,-90.407951,41.481849,-90.371472,41.514535
Carbon Hill,1711176,-88.304899,41.293921,-88.295181,41.299747
Carbondale,1711163,-89.277175,37.679986,-89.148624,37.767703
Carlinville,1711202,-89.899756,39.245758,-89.846218,39.300373
Carlock,1711215,-89.139196,40.575777,-89.119724,40.589841
Carlyle,1711228,-89.405568,38.602848,-89.343377,38.646424
Carman,1711267,-91.06604,40.727818,-91.056335,40.742859
Carmi,1711293,-88.213002,38.06886,-88.139321,38.102413
Carol Stream,1711332,-88.174862,41.888027,-88.087651,41.942805
Carpentersville,1711358,-88.359497,42.101801,-88.241297,42.148802
Carrier Mills,1711397,-88.642013,37.680071,-88.615843,37.698365
Carrollton,1711462,-90.418012,39.273367,-90.393907,39.316245
Carterville,1711514,-89.148319,37.737843,-89.044689,37.797669
Carthage,1711527,-91.159632,40.401272,-91.101599,40.428121
Cary,1711592,-88.291074,42.190166,-88.211066,42.240446
Casey,1711618,-88.016818,39.290543,-87.968324,39.328054
Caseyville,1711644,-90.079747,38.598291,-89.976142,38.652096
Catlin,1711774,-87.719824,40.05778,-87.696684,40.076394
Cave-In-Rock,1711826,-88.171877,37.465759,-88.159982,37.475747
Cedar Point,1711982,-89.135748,41.257601,-89.116326,41.272815
Cedarville,1712008,-89.642836,42.368495,-89.628978,42.38311
Central City,1712151,-89.134223,38.540045,-89.120257,38.558338
Centralia,1712164,-89.175645,38.463629,-89.063264,38.548746
Cerro Gordo,1712268,-88.7454,39.879885,-88.725718,39.896183
Chadwick,1712294,-89.893489,42.007528,-89.882993,42.0219
Champaign,1712385,-88.333345,40.061887,-88.221223,40.16398
Chandlerville,1712450,-90.1625,40.037865,-90.138762,40.057223
Channahon,1712476,-88.383655,41.376392,-88.172439,41.480589
Channel Lake,1712489,-88.176893,42.466013,-88.130047,42.495604
Chapin,1712528,-90.412132,39.759131,-90.393043,39.774165
Charleston,1712567,-88.282601,39.454851,-88.116387,39.524493
Chatham,1712684,-89.728371,39.632766,-89.643264,39.703309
Chatsworth,1712710,-88.314759,40.703257,-88.274791,40.768742
Chebanse,1712801,-87.921923,40.986787,-87.903657,41.010234
Chemung,1712879,-88.672266,42.412502,-88.657624,42.421085
Chenoa,1712931,-88.747592,40.719945,-88.706031,40.756318
Cherry,1712970,-89.224489,41.419123,-89.203643,41.437437
Cherry Valley,1713074,-89.02361,42.158878,-88.930521,42.274072
Chester,1713139,-89.873162,37.888748,-89.782354,37.939864
Chesterfield,1713165,-90.073786,39.251316,-90.059726,39.261859
Chestnut,1713230,-89.191831,40.051894,-89.182398,40.055581
Chicago,1714000,-87.940097,41.644286,-87.523661,42.023135
Chicago Heights,1714026,-87.674425,41.481492,-87.59686,41.543357
Chicago Ridge,1714065,-87.798513,41.69034,-87.759205,41.720345
Chillicothe,1714117,-89.534096,40.885854,-89.465454,40.938894
Chrisman,1714273,-87.684913,39.79256,-87.660918,39.813126
Christopher,1714286,-89.078656,37.953649,-89.034168,37.981862
Cicero,1714351,-87.779048,41.821525,-87.738654,41.86596
Cisco,1714442,-88.732254,40.006868,-88.719756,40.014976
Cisne,1714455,-88.44422,38.504686,-88.430037,38.526552
Cissna Park,1714468,-87.901937,40.558724,-87.881557,40.572561
Claremont,1714533,-87.984314,38.710042,-87.965571,38.725014
Clarendon Hills,1714572,-87.970734,41.781549,-87.946428,41.81073
Clay City,1714715,-88.36709,38.675608,-88.329159,38.694734
Clayton,1714767,-90.969856,40.021968,-90.948173,40.036748
Cleveland,1714923,-90.32466,41.498124,-90.30913,41.509639
Clifton,1714936,-87.94564,40.921929,-87.924027,40.947184
Clinton,1715001,-88.994098,40.131737,-88.936498,40.165661
Coal City,1715170,-88.314271,41.245672,-88.242461,41.331792
Coal Valley,1715235,-90.478393,41.416797,-90.400377,41.460039
Coalton,1715209,-89.313646,39.27772,-89.293137,39.290669
Coatsburg,1715261,-91.165866,40.029496,-91.157228,40.036611
Cobden,1715300,-89.266805,37.522319,-89.244595,37.54626
Coffeen,1715352,-89.402006,39.078006,-89.379797,39.096769
Colchester,1715378,-90.803212,40.410279,-90.777137,40.435293
Coleta,1715469,-89.807004,41.897133,-89.792549,41.905757
Colfax,1715495,-88.623701,40.558763,-88.605983,40.573318
Collinsville,1715599,-90.073148,38.643679,-89.947134,38.723616
Colona,1715664,-90.39295,41.440966,-90.319456,41.491032
Colp,1715807,-89.082419,37.803632,-89.071738,37.811254
Columbia,1715833,-90.270646,38.420147,-90.168022,38.48761
Columbus,1715846,-91.150921,39.985014,-91.140514,39.991252
Como,1715950,-89.783451,41.756551,-89.745428,41.772322
Compton,1715989,-89.110696,41.692226,-89.072008,41.696159
Concord,1716054,-90.378747,39.806929,-90.359238,39.828272
Congerville,1716119,-89.222353,40.608373,-89.192093,40.624621
Cooksville,1716210,-88.721632,40.537511,-88.707317,40.546468
Coral,1716301,-88.567822,42.215787,-88.563908,42.219933
Cordova,1716366,-90.330975,41.664526,-90.310334,41.692164
Cornell,1716405,-88.740179,40.985842,-88.71963,40.99719
Cornland,1716431,-89.405388,39.934681,-89.394793,39.940049
Cortland,1716470,-88.707163,41.901222,-88.63531,41.949564
Coulterville,1716613,-89.612954,38.176217,-89.59664,38.190619
Country Club Hills,1716691,-87.752395,41.535105,-87.701764,41.586451
Countryside,1716873,-87.896783,41.753605,-87.858572,41.798402
Cowden,1717055,-88.866638,39.243678,-88.85221,39.255908
Coyne Center,1717077,-90.577961,41.391725,-90.548864,41.410353
Crab Orchard,1717094,-88.818196,37.716949,-88.788957,37.732721
Crainville,1717185,-89.072787,37.740152,-89.040052,37.764382
Creal Springs,1717289,-88.846477,37.611997,-88.827772,37.628222
Crescent City,1717406,-87.864042,40.766171,-87.849509,40.778097
Crest Hill,1717458,-88.148397,41.540349,-88.076323,41.59623
Creston,1717471,-88.990678,41.920447,-88.951324,41.945937
Crestwood,1717497,-87.763007,41.631285,-87.707205,41.662106
Crete,1717523,-87.670673,41.391436,-87.569444,41.470046
Creve Coeur,1717549,-89.637067,40.622138,-89.574355,40.660762
Crossville,1717783,-88.075022,38.154422,-88.050181,38.17051
Crystal Lake,1717887,-88.423301,42.190063,-88.27181,42.276937
Crystal Lawns,1717939,-88.18097,41.565291,-88.144995,41.573778
Cuba,1717991,-90.203688,40.487136,-90.185124,40.498892
Cullom,1718030,-88.277363,40.874245,-88.261359,40.885288
Curran,1718147,-89.799701,39.730756,-89.761234,39.751494
Custer Park,1718212,-88.133382,41.238014,-88.124114,41.249179
Cutler,1718225,-89.574686,38.027692,-89.560611,38.040729
Cypress,1718251,-89.025453,37.357814,-89.011891,37.372978
Dahlgren,1718303,-88.694359,38.190629,-88.675365,38.205357
Dakota,1718342,-89.532731,42.383621,-89.520086,42.391534
Dallas City,1718420,-91.195139,40.62332,-91.145983,40.652723
Dalton City,1718446,-88.812277,39.708055,-88.799545,39.726022
Dalzell,1718459,-89.199471,41.341269,-89.163013,41.364202
Damiansville,1718472,-89.635127,38.502714,-89.593114,38.518873
Dana,1718485,-88.955374,40.953052,-88.945511,40.960406
Danforth,1718498,-87.98572,40.810825,-87.969611,40.828612
Danvers,1718537,-89.187126,40.523042,-89.163095,40.537809
Danville,1718563,-87.665219,40.103392,-87.531696,40.20449
Darien,1718628,-88.030557,41.700255,-87.944915,41.76862
Darmstadt,1718641,-89.73172,38.317322,-89.725861,38.320709
Davis,1718706,-89.428306,42.415853,-89.4084,42.426406
Davis Junction,1718719,-89.114772,42.085202,-89.071036,42.150812
Dawson,1718745,-89.472936,39.846372,-89.453953,39.860873
Dayton,1718771,-88.816576,41.376685,-88.778748,41.398002
De Land,1719200,-88.649977,40.115331,-88.631126,40.127141
De Pue,1719499,-89.325612,41.319099,-89.267383,41.342367
De Soto,1719616,-89.243442,37.810194,-89.210855,37.822655
De Witt,1719798,-88.787817,40.177755,-88.78288,40.191915
DeKalb,1719161,-88.797425,41.878323,-88.693654,41.97176
Decatur,1718823,-89.032574,39.786777,-88.803133,39.925
Deer Creek,1718940,-89.339355,40.622564,-89.322928,40.638505
Deer Grove,1719031,-89.694249,41.60429,-89.679746,41.613719
Deer Park,1719083,-88.128484,42.152111,-88.038571,42.184943
Deerfield,1718992,-87.884029,42.145642,-87.821065,42.189156
Delavan,1719226,-89.566537,40.363417,-89.523726,40.379576
Des Plaines,1719642,-87.950074,41.995342,-87.859967,42.079829
Detroit,1719681,-90.680716,39.616435,-90.671256,39.623832
Dewey,1719746,-88.291014,40.317173,-88.278128,40.321133
Diamond,1719837,-88.269533,41.274033,-88.226737,41.295841
Dieterich,1719915,-88.398092,39.04564,-88.365711,39.071529
Divernon,1720045,-89.660606,39.553093,-89.639579,39.600487
Dix,1720123,-88.956195,38.432445,-88.927738,38.458648
Dixmoor,1720149,-87.679505,41.622648,-87.656021,41.642415
Dixon,1720162,-89.515377,41.80161,-89.438933,41.885711
Dolton,1720292,-87.633973,41.606693,-87.573361,41.644732
Dongola,1720305,-89.175538,37.35218,-89.15537,37.369691
Donnellson,1720318,-89.487402,39.023918,-89.468613,39.035191
Donovan,1720331,-87.621,40.878015,-87.605379,40.888821
Dorchester,1720370,-89.894943,39.078176,-89.875957,39.09272
Dover,1720526,-89.403085,41.429407,-89.388646,41.440011
Dowell,1720565,-89.243412,37.932628,-89.23329,37.94655
Downers Grove,1720591,-88.05745,41.743853,-87.983354,41.839078
Downs,1720643,-88.920412,40.377907,-88.858095,40.421926
Du Bois,1720890,-89.231537,38.213928,-89.20275,38.228766
Du Quoin,1721267,-89.264385,37.970939,-89.205761,38.031506
Dundas,1721020,-88.094564,38.826355,-88.075846,38.841576
Dunfermline,1721098,-90.037119,40.48738,-90.029673,40.495192
Dunlap,1721176,-89.703065,40.824097,-89.648993,40.867914
Dupo,1721254,-90.251996,38.48342,-90.186193,38.548176
Durand,1721280,-89.341655,42.423775,-89.303037,42.442504
Dwight,1721358,-88.451398,41.079172,-88.391479,41.120227
Eagarville,1721410,-89.792902,39.104581,-89.774278,39.119192
Eagle Lake,1721475,-87.5593,41.35962,-87.549424,41.382313
Earlville,1721540,-88.937841,41.579146,-88.904342,41.598275
East Alton,1721553,-90.149161,38.858085,-90.074082,38.909382
East Brooklyn,1721579,-88.269436,41.17091,-88.262,41.174418
East Cape Girardeau,1721605,-89.505319,37.288301,-89.468569,37.303072
East Carondelet,1721618,-90.255063,38.517898,-90.225074,38.553495
East Dubuque,1721683,-90.650283,42.460958,-90.585359,42.508302
East Dundee,1721696,-88.284695,42.071471,-88.230141,42.114465
East Galesburg,1721826,-90.326343,40.932976,-90.297968,40.957248
East Gillespie,1721852,-89.820832,39.131105,-89.801909,39.144694
East Hazel Crest,1721904,-87.665532,41.57172,-87.630601,41.582343
East Lynn,1722021,-87.805184,40.462041,-87.795493,40.47302
East Moline,1722073,-90.46295,41.47864,-90.275765,41.550279
East Peoria,1722164,-89.616369,40.619266,-89.474812,40.719065
East St. Louis,1722255,-90.186665,38.578753,-90.041694,38.642668
Easton,1722151,-89.850887,40.228857,-89.828795,40.234689
Eddyville,1722398,-88.589103,37.493304,-88.579856,37.506677
Edgewood,1722567,-88.67354,38.914777,-88.654436,38.929623
Edgington,1722619,-90.773373,41.379417,-90.754038,41.394362
Edinburg,1722645,-89.401958,39.650675,-89.377865,39.664062
Edwardsville,1722697,-90.085985,38.760207,-89.883583,38.825357
Effingham,1722736,-88.60389,39.068898,-88.504549,39.169909
El Dara,1722957,-91.001191,39.615368,-90.982273,39.63012
El Paso,1723737,-89.044229,40.729625,-88.973401,40.758531
Elburn,1722931,-88.487101,41.859688,-88.442449,41.913903
Eldorado,1723009,-88.465929,37.797656,-88.420816,37.834269
Eldred,1723022,-90.559682,39.283056,-90.548681,39.289295
Elgin,1723074,-88.455197,41.971576,-88.222773,42.103579
Eliza,1723139,-90.97792,41.291961,-90.966024,41.29788
Elizabeth,1723165,-90.255389,42.30904,-90.193609,42.321984
Elizabethtown,1723191,-88.313343,37.441089,-88.294842,37.455335
Elk Grove Village,1723256,-88.060568,41.983265,-87.935217,42.038752
Elkhart,1723269,-89.493655,40.001853,-89.446734,40.028103
Elkville,1723373,-89.243811,37.901626,-89.229616,37.917451
Elliott,1723425,-88.288644,40.457437,-88.267297,40.471034
Ellis Grove,1723503,-89.918596,38.004176,-89.900523,38.018368
Ellisville,1723529,-90.310813,40.623237,-90.301258,40.631429
Ellsworth,1723555,-88.721471,40.446215,-88.711936,40.453584
Elmhurst,1723620,-87.969181,41.85865,-87.9184,41.931573
Elmwood,1723698,-89.980717,40.770798,-89.951679,40.792234
Elmwood Park,1723724,-87.826254,41.908545,-87.805748,41.937939
Elsah,1723776,-90.366977,38.942576,-90.343014,38.963094
Elvaston,1723841,-91.25932,40.388074,-91.24127,40.40363
Elwin,1723919,-88.985524,39.765759,-88.968784,39.785946
Elwood,1723945,-88.189904,41.375072,-88.077796,41.447195
Emden,1723971,-89.488988,40.293829,-89.480453,40.304719
Emington,1724062,-88.360738,40.965246,-88.353213,40.972203
Energy,1724166,-89.040202,37.756404,-89.012276,37.785792
Enfield,1724179,-88.350858,38.093503,-88.327592,38.108003
Equality,1724348,-88.353197,37.728169,-88.332402,37.743617
Erie,1724374,-90.093309,41.647208,-90.068262,41.671079
Essex,1724452,-88.209923,41.169571,-88.161782,41.194481
Eureka,1724543,-89.30396,40.697504,-89.25881,40.736644
Evanston,1724582,-87.732456,42.019134,-87.66507,42.071732
Evansville,1724608,-89.948483,38.081707,-89.917806,38.099179
Evergreen Park,1724634,-87.721654,41.706079,-87.681843,41.735444
Ewing,1724673,-88.862084,38.081393,-88.843574,38.096284
Exeter,1724699,-90.50746,39.71328,-90.488408,39.727981
Fairbury,1724764,-88.55464,40.733296,-88.484063,40.758515
Fairfield,1724816,-88.424135,38.356889,-88.334791,38.401031
Fairmont,1724920,-88.072696,41.553067,-88.044102,41.571708
Fairmont City,1724933,-90.175158,38.636665,-90.037006,38.673449
Fairmount,1724985,-87.83655,40.039285,-87.818796,40.051325
Fairview,1725063,-90.21467,40.629298,-90.159131,40.66694
Fairview Heights,1725141,-90.052291,38.567317,-89.96155,38.625382
Fall Creek,1725245,-91.305721,39.778049,-91.300913,39.784956
Farina,1725375,-88.80786,38.803177,-88.765244,38.843521
Farmer City,1725414,-88.663074,40.232527,-88.620512,40.262361
Farmersville,1725440,-89.663572,39.433356,-89.639487,39.450489
Farmington,1725531,-90.019874,40.6885,-89.976658,40.706506
Fayetteville,1725713,-89.804803,38.372672,-89.791403,38.381363
Ferris,1725895,-91.183799,40.457214,-91.153499,40.479907
Fidelity,1725960,-90.16702,39.15077,-90.16161,39.157798
Fieldon,1726012,-90.503548,39.104789,-90.495268,39.115983
Fillmore,1726077,-89.288021,39.108109,-89.269251,39.122733
Findlay,1726116,-88.764028,39.514142,-88.743886,39.529098
Fisher,1726194,-88.365781,40.305228,-88.337441,40.327062
Fithian,1726233,-87.883504,40.110061,-87.868451,40.12086
Flanagan,1726311,-88.866051,40.869635,-88.850219,40.883803
Flat Rock,1726350,-87.684546,38.896012,-87.665505,38.911595
Flora,1726454,-88.508657,38.655188,-88.440763,38.685662
Floraville,1726467,-90.058897,38.374068,-90.052102,38.379898
Florence,1726480,-90.616308,39.620007,-90.604991,39.634783
Flossmoor,1726571,-87.713469,41.527726,-87.655026,41.551737
Foosland,1726662,-88.432751,40.359276,-88.426387,40.363064
Ford Heights,1726710,-87.599616,41.498972,-87.553328,41.524106
Forest City,1726753,-89.84197,40.364179,-89.821632,40.377564
Forest Lake,1726896,-88.058294,42.203639,-88.048288,42.217341
Forest Park,1726935,-87.833696,41.850022,-87.803944,41.886983
Forest View,1726987,-87.802112,41.798559,-87.752901,41.814932
Forrest,1727026,-88.41922,40.731101,-88.400267,40.761749
Forreston,1727065,-89.589176,42.116754,-89.568399,42.142163
Forsyth,1727091,-88.993279,39.907431,-88.936931,39.94244
Fowler,1727377,-91.262988,40.00692,-91.252312,40.01063
Fox Lake,1727442,-88.218882,42.357782,-88.146996,42.495181
Fox Lake Hills,1727455,-88.140253,42.40087,-88.106826,42.426725
Fox River Grove,1727533,-88.238212,42.184359,-88.189512,42.205102
Frankfort,1727624,-87.907175,41.441239,-87.762339,41.528953
Frankfort Square,1727644,-87.820864,41.506425,-87.790319,41.536735
Franklin,1727663,-90.058974,39.610245,-90.035196,39.632362
Franklin Grove,1727689,-89.308245,41.833181,-89.2936,41.848301
Franklin Park,1727702,-87.920328,41.91158,-87.849588,41.958086
Franklinville,1727728,-88.520916,42.273107,-88.510214,42.27904
Freeburg,1727806,-89.964833,38.401662,-89.867161,38.484102
Freeman Spur,1727858,-89.007133,37.854427,-88.992428,37.86582
Freeport,1727884,-89.686565,42.24931,-89.577582,42.321393
Fulton,1728144,-90.174876,41.839827,-90.139968,41.882951
Fults,1728170,-90.217259,38.161327,-90.208691,38.167213
Gages Lake,1728248,-88.004666,42.339256,-87.96356,42.367716
Galatia,1728261,-88.627684,37.831081,-88.601794,37.851786
Galena,1728300,-90.458066,42.395316,-90.400037,42.446356
Galesburg,1728326,-90.441216,40.901428,-90.301815,40.992441
Galt,1728404,-89.765065,41.782848,-89.742309,41.793273
Galva,1728430,-90.061104,41.156014,-90.013182,41.18611
Garden Prairie,1728612,-88.731282,42.249363,-88.70541,42.261085
Gardner,1728638,-88.34028,41.175071,-88.283365,41.215013
Garrett,1728742,-88.429348,39.791747,-88.419981,39.802633
Gays,1728807,-88.503399,39.454022,-88.488212,39.462074
Geneseo,1728846,-90.177463,41.425603,-90.12367,41.481393
Geneva,1728872,-88.379624,41.863619,-88.262423,41.89919
Genoa,1728898,-88.720366,42.075815,-88.675888,42.109995
Georgetown,1728963,-87.646581,39.965225,-87.622603,39.987712
German Valley,1729093,-89.498966,42.210172,-89.472324,42.218861
Germantown,1729041,-89.559377,38.544612,-89.53035,38.567284
Germantown Hills,1729080,-89.486612,40.757546,-89.440357,40.783061
Gibson City,1729125,-88.403744,40.449551,-88.365762,40.48242
Gifford,1729145,-88.02626,40.298136,-88.01653,40.317323
Gilberts,1729171,-88.3935,42.07241,-88.349394,42.15392
Gillespie,1729236,-89.832359,39.114299,-89.804179,39.137045
Gilman,1729275,-88.019947,40.74591,-87.974922,40.777636
Gilson,1729340,-90.207282,40.859024,-90.189526,40.867527
Girard,1729392,-89.79661,39.435374,-89.768921,39.453921
Gladstone,1729431,-90.966054,40.858954,-90.948605,40.869754
Glasford,1729483,-89.826994,40.563725,-89.799371,40.580259
Glasgow,1729496,-90.489422,39.541414,-90.470513,39.556052
Glen Carbon,1729639,-90.03881,38.737003,-89.908338,38.788702
Glen Ellyn,1729756,-88.090917,41.830657,-88.026986,41.901567
Glencoe,1729652,-87.784866,42.11607,-87.74153,42.152402
Glendale Heights,1729730,-88.101797,41.895622,-88.043419,41.943149
Glenview,1729938,-87.893719,42.055093,-87.758658,42.116827
Glenwood,1730029,-87.640979,41.520709,-87.580967,41.560289
Godfrey,1730094,-90.275702,38.896913,-90.137068,38.9994
Godley,1730120,-88.255179,41.230429,-88.235396,41.248928
Golconda,1730133,-88.495711,37.353265,-88.481068,37.370915
Golden,1730159,-91.030655,40.104645,-91.007765,40.114738
Golden Gate,1730250,-88.208304,38.357039,-88.201462,38.360862
Golf,1730328,-87.79746,42.055227,-87.775762,42.062564
Good Hope,1730458,-90.684716,40.551892,-90.666395,40.562457
Goodenow,1730419,-87.641623,41.390977,-87.637364,41.393363
Goodfield,1730445,-89.286397,40.608603,-89.246251,40.640591
Goofy Ridge,1730510,-89.961348,40.385013,-89.923812,40.407488
Goreville,1730575,-88.994517,37.542513,-88.911514,37.593156
Gorham,1730588,-89.490997,37.703088,-89.473104,37.725365
Grafton,1730653,-90.45983,38.963687,-90.394681,38.992273
Grand Detour,1730705,-89.429262,41.886067,-89.398563,41.91183
Grand Ridge,1730757,-88.837615,41.231022,-88.824526,41.241217
Grand Tower,1730770,-89.515332,37.621082,-89.48042,37.648255
Grandview,1730835,-89.625042,39.81294,-89.608875,39.822644
Grandwood Park,1730900,-88.004142,42.385569,-87.964344,42.404616
Granite City,1730926,-90.189473,38.68034,-90.075759,38.798935
Grant Park,1730991,-87.658952,41.22557,-87.606614,41.262934
Grantfork,1730978,-89.67604,38.819206,-89.65754,38.835444
Granville,1731017,-89.242807,41.256146,-89.212161,41.281513
Grayslake,1731121,-88.063315,42.2988,-87.988163,42.389623
Grayville,1731165,-88.011809,38.231795,-87.983058,38.282731
Green Oaks,1731446,-87.934345,42.263382,-87.883525,42.323744
Green Valley,1731563,-89.651781,40.399975,-89.633417,40.413424
Greenfield,1731368,-90.228693,39.328384,-90.187006,39.353298
Greenup,1731524,-88.173827,39.233984,-88.145139,39.26642
Greenview,1731576,-89.751785,40.076779,-89.730426,40.091595
Greenville,1731589,-89.423804,38.860388,-89.343698,38.90916
Greenwood,1731667,-88.423661,42.377496,-88.352169,42.418083
Gridley,1731732,-88.895501,40.733235,-88.868056,40.754332
Griggsville,1731771,-90.73818,39.698334,-90.713296,39.715751
Gulfport,1731991,-91.097649,40.793676,-91.068433,40.823638
Gurnee,1732018,-88.003098,42.327597,-87.883929,42.403862
Hainesville,1732200,-88.080061,42.327829,-88.058286,42.35703
Hamburg,1732395,-90.723725,39.224675,-90.708498,39.239183
Hamel,1732408,-89.857265,38.881598,-89.821769,38.899898
Hamilton,1732434,-91.421973,40.375667,-91.324203,40.41152
Hamlet,1732473,-90.744715,41.306677,-90.72557,41.317692
Hammond,1732499,-88.599301,39.792121,-88.584955,39.806724
Hampshire,1732525,-88.555709,42.077453,-88.454621,42.153761
Hampton,1732564,-90.420583,41.543593,-90.376228,41.573055
Hanaford,1732616,-88.845026,37.950658,-88.826273,37.965243
Hanna City,1732668,-89.833153,40.682562,-89.785046,40.702003
Hanover,1732707,-90.314707,42.245381,-90.24573,42.266089
Hanover Park,1732746,-88.16983,41.937908,-88.11878,42.01811
Hardin,1732850,-90.641843,39.145364,-90.606506,39.183629
Harding,1732876,-88.855153,41.512666,-88.843904,41.523872
Harmon,1732967,-89.560575,41.716126,-89.5496,41.729598
Harmony,1733019,-88.535452,42.153634,-88.518079,42.165075
Harrisburg,1733136,-88.577368,37.708894,-88.51252,37.765751
Harrison,1733162,-89.351296,37.783647,-89.31481,37.809492
Harristown,1733227,-89.106283,39.831092,-89.024128,39.857495
Hartford,1733279,-90.119862,38.784044,-90.067015,38.845251
Hartland,1733292,-88.516213,42.359928,-88.501436,42.366741
Hartsburg,1733318,-89.446379,40.246843,-89.436916,40.25394
Harvard,1733331,-88.660985,42.396119,-88.569636,42.465775
Harvel,1733357,-89.540673,39.348804,-89.521541,39.36344
Harvey,1733383,-87.685147,41.579063,-87.621523,41.629897
Harwood Heights,1733435,-87.819466,41.956723,-87.786742,41.974538
Havana,1733513,-90.079684,40.274682,-90.030168,40.311896
Hawthorn Woods,1733630,-88.115843,42.197311,-88.018923,42.277151
Hazel Crest,1733695,-87.713614,41.549678,-87.655883,41.58634
Hebron,1733851,-88.449967,42.450444,-88.419109,42.482903
Hecker,1733877,-89.998943,38.298268,-89.983163,38.308752
Henderson,1734007,-90.360707,41.019602,-90.348598,41.029339
Hennepin,1734098,-89.351457,41.227792,-89.299026,41.308476
Henning,1734137,-87.711111,40.295717,-87.690863,40.317844
Henry,1734163,-89.375089,41.103874,-89.33443,41.133511
Heritage Lake,1734272,-89.341815,40.537028,-89.320134,40.553658
Herrick,1734332,-88.991681,39.215938,-88.977762,39.223255
Herrin,1734358,-89.063606,37.742354,-88.995092,37.844796
Herscher,1734384,-88.114503,41.038348,-88.081096,41.064424
Hettick,1734423,-90.042779,39.350673,-90.03232,39.360634
Heyworth,1734449,-89.035378,40.297851,-88.958862,40.33773
Hickory Hills,1734514,-87.848027,41.708657,-87.807999,41.740325
Hidalgo,1734553,-88.155556,39.151612,-88.142607,39.160142
Highland,1734670,-89.712506,38.717193,-89.648377,38.824354
Highland Park,1734722,-87.852057,42.152252,-87.758829,42.223163
Highwood,1734865,-87.821551,42.196086,-87.804354,42.218049
Hillcrest,1734982,-89.089549,41.948438,-89.024626,41.992067
Hillsboro,1735047,-89.508678,39.122497,-89.431978,39.277782
Hillsdale,1735073,-90.190799,41.598853,-90.165778,41.617798
Hillside,1735086,-87.918243,41.844527,-87.882433,41.885418
Hillview,1735203,-90.548555,39.440893,-90.525616,39.456186
Hinckley,1735268,-88.655283,41.765598,-88.621731,41.779578
Hindsboro,1735281,-88.140161,39.679769,-88.128518,39.689297
Hinsdale,1735307,-87.952571,41.763863,-87.900017,41.825846
Hodgkins,1735385,-87.88663,41.739148,-87.831594,41.783949
Hoffman,1735398,-89.273206,38.535817,-89.254482,38.549401
Hoffman Estates,1735411,-88.243339,42.026564,-88.060181,42.117863
Holcomb,1735463,-89.099599,42.061067,-89.095134,42.069354
Holiday Hills,1735515,-88.243126,42.285518,-88.217495,42.306856
Holiday Shores,1735541,-89.946294,38.905464,-89.920875,38.939054
Hollowayville,1735671,-89.299139,41.363168,-89.287975,41.366729
Homer,1735814,-87.970823,40.025087,-87.948492,40.042486
Homer Glen,1735835,-88.008529,41.548736,-87.909377,41.643933
Hometown,1735866,-87.741208,41.727419,-87.721435,41.734862
Homewood,1735879,-87.699009,41.538758,-87.63144,41.579107
Hoopeston,1736061,-87.689352,40.437915,-87.640314,40.477669
Hooppole,1736074,-89.921286,41.518218,-89.906655,41.525473
Hopedale,1736126,-89.454566,40.416578,-89.402201,40.432222
Hopewell,1736150,-89.467368,40.973221,-89.444215,40.994313
Hopkins Park,1736190,-87.649387,41.047457,-87.552752,41.096343
Hoyleton,1736347,-89.279113,38.43829,-89.26511,38.453124
Hudson,1736438,-88.998843,40.591025,-88.979342,40.616463
Huey,1736477,-89.295727,38.601745,-89.281595,38.60781
Hull,1736516,-91.22339,39.7018,-91.185713,39.716614
Humboldt,1736542,-88.326788,39.600921,-88.312572,39.608334
Hume,1736568,-87.880289,39.791489,-87.861222,39.807107
Huntley,1736750,-88.481927,42.11227,-88.388439,42.215261
Hurst,1736815,-89.151477,37.82191,-89.135851,37.844159
Hutsonville,1736841,-87.671539,39.101285,-87.652245,39.115984
Illinois City,1737062,-90.906363,41.393704,-90.893447,41.405386
Illiopolis,1737127,-89.264608,39.842389,-89.232988,39.855334
Ina,1737179,-88.917655,38.125696,-88.889741,38.173053
Indian Creek,1737218,-87.984319,42.222609,-87.969729,42.233487
Indian Head Park,1737257,-87.906987,41.756258,-87.887291,41.77958
Indianola,1737348,-87.745017,39.921265,-87.73553,39.932725
Industry,1737439,-90.615435,40.322274,-90.601089,40.33161
Ingalls Park,1737465,-88.04935,41.513126,-88.023596,41.530092
Inverness,1737608,-88.141099,42.08151,-88.06785,42.139641
Iola,1737621,-88.637795,38.82696,-88.618815,38.841921
Ipava,1737647,-90.33075,40.349443,-90.31619,40.355867
Iroquois,1737712,-87.591448,40.819084,-87.576814,40.834808
Irving,1737738,-89.415565,39.196963,-89.396822,39.213532
Irvington,1737777,-89.168275,38.427414,-89.14502,38.452416
Irwin,1737803,-87.986435,41.049795,-87.982068,41.059025
Island Lake,1737894,-88.226519,42.256057,-88.169141,42.306327
Itasca,1737907,-88.051323,41.956175,-87.985231,41.992683
Iuka,1737933,-88.794906,38.60508,-88.771799,38.630414
Ivesdale,1737998,-88.468653,39.937644,-88.446343,39.952493
Jacksonville,1738115,-90.291413,39.693993,-90.172294,39.756755
Janesville,1738232,-88.248558,39.373817,-88.240869,39.377313
Jeffersonville,1738323,-88.413519,38.435031,-88.394514,38.449907
Jeisyville,1738349,-89.411403,39.575162,-89.404512,39.584489
Jerome,1738375,-89.686926,39.763049,-89.668145,39.771582
Jerseyville,1738414,-90.361906,39.086785,-90.29785,39.137962
Jewett,1738427,-88.252339,39.20026,-88.233865,39.215334
Johnsburg,1738479,-88.306208,42.357644,-88.203614,42.4155
Johnsonville,1738531,-88.541432,38.516515,-88.533528,38.525994
Johnston City,1738544,-88.955905,37.810578,-88.900587,37.833839
Joliet,1738570,-88.362191,41.422913,-87.990361,41.594791
Jonesboro,1738635,-89.281117,37.4383,-89.24961,37.468495
Joppa,1738674,-88.849987,37.198581,-88.839425,37.213721
Joslin,1738726,-90.252924,41.53326,-90.203453,41.583385
Joy,1738739,-90.885581,41.192058,-90.871955,41.201509
Junction,1738778,-88.247896,37.716957,-88.229112,37.73218
Junction City,1738791,-89.133231,38.56862,-89.117192,38.584981
Justice,1738830,-87.860574,41.732732,-87.814325,41.762299
Kampsville,1738856,-90.624976,39.284184,-90.602254,39.311494
Kane,1738869,-90.36031,39.181562,-90.341476,39.196166
Kaneville,1738895,-88.528114,41.82958,-88.514232,41.838918
Kangley,1738921,-88.87916,41.141706,-88.862769,41.152736
Kankakee,1738934,-87.920977,41.046996,-87.821177,41.145764
Kansas,1738986,-87.949275,39.547079,-87.929814,39.561803
Kappa,1739038,-89.013927,40.668137,-88.999355,40.679354
Karnak,1739077,-88.989402,37.284986,-88.961199,37.303838
Kaskaskia,1739129,-89.92031,37.91666,-89.912312,37.924176
Keenes,1739233,-88.644353,38.334919,-88.639491,38.342288
Keensburg,1739259,-87.872955,38.34642,-87.863702,38.355712
Keithsburg,1739298,-90.960802,41.084743,-90.919316,41.114774
Kell,1739324,-88.912873,38.483833,-88.893991,38.498644
Kempton,1739441,-88.241812,40.93307,-88.231305,40.938074
Kenilworth,1739519,-87.726016,42.082571,-87.702716,42.095445
Kenney,1739532,-89.095317,40.093155,-89.079301,40.101613
Kewanee,1739727,-89.964774,41.214814,-89.887008,41.261416
Keyesport,1739753,-89.286111,38.73462,-89.261719,38.760263
Kilbourne,1739857,-90.022447,40.144573,-90.003138,40.159391
Kildeer,1739883,-88.077492,42.15642,-88.026295,42.215013
Kincaid,1739909,-89.439287,39.577885,-89.400337,39.593929
Kinderhook,1739922,-91.162657,39.698095,-91.142436,39.709723
Kings,1739987,-89.110468,41.998958,-89.104336,42.008574
Kingston,1740052,-91.032369,39.815339,-91.020667,39.823519
Kingston,1740065,-88.78709,42.089904,-88.74168,42.114568
Kingston Mines,1740091,-89.789624,40.5493,-89.755611,40.565916
Kinmundy,1740117,-88.877767,38.760883,-88.836094,38.780797
Kinsman,1740143,-88.572505,41.188308,-88.567571,41.192228
Kirkland,1740156,-88.880761,42.080496,-88.822113,42.098328
Kirkwood,1740182,-90.758848,40.860819,-90.734551,40.875407
Knollwood,1740364,-87.891636,42.279525,-87.867627,42.290601
Knoxville,1740416,-90.306645,40.889619,-90.269715,40.921827
La Clede,1740520,-88.719824,38.875612,-88.708084,38.885322
La Fayette,1740676,-89.977298,41.10599,-89.968983,41.113583
La Grange,1740767,-87.889429,41.790168,-87.85919,41.820062
La Grange Park,1740793,-87.890893,41.819226,-87.851813,41.845558
La Harpe,1740832,-90.982577,40.570775,-90.954023,40.593436
La Moille,1741794,-89.310064,41.520803,-89.266238,41.539111
La Prairie,1742080,-91.007977,40.142847,-90.998398,40.150449
La Rose,1742171,-89.23812,40.972753,-89.230689,40.985498
LaPlace,1742067,-88.726822,39.792207,-88.700444,39.805802
LaSalle,1742184,-89.125877,41.314599,-89.010139,41.396852
Lacon,1740559,-89.421304,41.008283,-89.391783,41.03754
Ladd,1740598,-89.229002,41.367364,-89.183725,41.393559
Lake Barrington,1740884,-88.199512,42.174045,-88.130839,42.251047
Lake Bluff,1740910,-87.887076,42.268548,-87.827945,42.304879
Lake Camelot,1740962,-89.766179,40.624022,-89.73244,40.645934
Lake Carroll,1740980,-89.919151,42.130769,-89.823864,42.198027
Lake Catherine,1740988,-88.13906,42.473682,-88.111441,42.495611
Lake City,1741040,-88.725457,39.749946,-88.709203,39.758647
Lake Forest,1741105,-87.901467,42.203582,-87.80671,42.279829
Lake Holiday,1741157,-88.695197,41.601581,-88.635573,41.631041
Lake Ka-Ho,1741214,-89.751068,39.093995,-89.739032,39.10536
Lake Petersburg,1741404,-89.883886,39.974727,-89.845842,39.992911
Lake Summerset,1741456,-89.419382,42.439942,-89.380682,42.461859
Lake Villa,1741586,-88.122314,42.386315,-88.052996,42.448447
Lake Zurich,1741742,-88.120786,42.168375,-88.057898,42.221827
Lake in the Hills,1741183,-88.432199,42.168427,-88.276789,42.214335
Lake of the Woods,1741346,-88.393463,40.1932,-88.354433,40.219697
Lakemoor,1741326,-88.238093,42.314019,-88.161139,42.372161
Lakewood,1741651,-88.446452,42.204468,-88.347545,42.255111
Lakewood,1741677,-88.904771,39.318135,-88.892865,39.329286
Lakewood Shores,1741716,-88.151453,41.272821,-88.136054,41.287762
Lanark,1741859,-89.842888,42.089687,-89.82021,42.110221
Lane,1741950,-88.859643,40.11917,-88.852528,40.125941
Langleyville,1742002,-89.367123,39.557391,-89.348452,39.567326
Lansing,1742028,-87.583169,41.517396,-87.525281,41.595257
Latham,1742249,-89.170284,39.961213,-89.155058,39.972049
Lawrence,1742392,-88.652805,42.434912,-88.63315,42.451019
Lawrenceville,1742405,-87.704152,38.713743,-87.663215,38.738474
Le Roy,1742971,-88.783415,40.31894,-88.748678,40.357507
Leaf River,1742457,-89.413742,42.116797,-89.394167,42.129714
Lebanon,1742496,-89.834532,38.561543,-89.793065,38.621203
Lee,1742587,-88.951235,41.788335,-88.935528,41.804469
Lee Center,1742600,-89.286703,41.741832,-89.266062,41.758072
Leland,1742756,-88.807688,41.60558,-88.789269,41.622985
Leland Grove,1742769,-89.696505,39.77144,-89.671269,39.786834
Lemont,1742795,-88.047103,41.639337,-87.928544,41.711226
Lena,1742834,-89.840776,42.356958,-89.797355,42.399594
Lenzburg,1742860,-89.829688,38.270779,-89.806742,38.296275
Leonore,1742912,-88.986053,41.18507,-88.979023,41.19187
Lerna,1742938,-88.294727,39.416012,-88.283141,39.419989
Lewistown,1743055,-90.172814,40.377053,-90.140194,40.416096
Lexington,1743094,-88.815447,40.631713,-88.759897,40.664108
Liberty,1743133,-91.113191,39.874568,-91.104397,39.895285
Libertyville,1743250,-88.022183,42.245589,-87.92485,42.324286
Lily Lake,1743406,-88.488615,41.938999,-88.452716,41.968258
Lima,1743445,-91.381774,40.170633,-91.373704,40.185104
Limestone,1743510,-88.010459,41.108204,-87.937727,41.162159
Lincoln,1743536,-89.416919,40.126366,-89.330477,40.168455
Lincolnshire,1743666,-87.951265,42.17535,-87.883874,42.22187
Lincolnwood,1743744,-87.76227,41.997232,-87.709057,42.015423
Lindenhurst,1743770,-88.059065,42.385067,-88.002784,42.440881
Lisbon,1743900,-88.498758,41.465904,-88.4332,41.495091
Lisle,1743939,-88.119297,41.759794,-88.049792,41.818481
Litchfield,1743965,-89.693257,39.146643,-89.584648,39.262214
Literberry,1743978,-90.206827,39.842896,-90.187952,39.858723
Little York,1744082,-90.755165,41.006533,-90.737319,41.013955
Littleton,1744056,-90.633484,40.226714,-90.611169,40.241404
Liverpool,1744121,-90.007934,40.387996,-89.997411,40.392478
Livingston,1744160,-89.773433,38.959075,-89.754718,38.97598
Loami,1744173,-89.858236,39.663382,-89.838301,39.683909
Lockport,1744225,-88.075775,41.556091,-87.963479,41.641672
Lockport Heights,1744244,-88.029805,41.619228,-88.015946,41.624009
Loda,1744264,-88.088987,40.504749,-88.060368,40.526544
Lomax,1744381,-91.094529,40.67273,-91.058227,40.689185
Lombard,1744407,-88.051044,41.831422,-87.98701,41.915062
London Mills,1744446,-90.283143,40.705994,-90.253357,40.717479
Long Creek,1744498,-88.884508,39.791031,-88.811813,39.820198
Long Grove,1744524,-88.043327,42.153686,-87.964971,42.252575
Long Lake,1744550,-88.149713,42.364636,-88.109285,42.388313
Long Point,1744576,-88.89668,41.00148,-88.88867,41.008877
Longview,1744602,-88.070763,39.879855,-88.057148,39.894372
Loraine,1744719,-91.232751,40.142839,-91.212157,40.161337
Lorenzo,1744784,-88.229464,41.341628,-88.212631,41.350462
Lost Nation,1744836,-89.389426,41.902612,-89.345938,41.923864
Lostant,1744823,-89.0749,41.10454,-89.054067,41.146119
Louisville,1744927,-88.522167,38.759698,-88.490939,38.776996
Loves Park,1745031,-89.069963,42.293905,-88.91999,42.37018
Lovington,1745044,-88.644055,39.709943,-88.624725,39.721133
Lowpoint,1745109,-89.320658,40.868997,-89.308228,40.876359
Ludlow,1745174,-88.136573,40.381914,-88.117537,40.397737
Lyndon,1745278,-89.934976,41.707185,-89.910608,41.724999
Lynn Center,1745343,-90.362965,41.290129,-90.353741,41.29847
Lynnville,1745369,-90.347859,39.682604,-90.344124,39.688751
Lynwood,1745421,-87.587529,41.491043,-87.525533,41.542877
Lyons,1745434,-87.840593,41.798884,-87.801764,41.823715
Macedonia,1745642,-88.71026,38.04889,-88.699974,38.056336
Machesney Park,1745726,-89.073953,42.325036,-88.951574,42.401777
Mackinaw,1745785,-89.37582,40.521491,-89.325738,40.542331
Macomb,1745889,-90.757202,40.431083,-90.618788,40.519814
Macon,1745941,-89.009757,39.692504,-88.983477,39.727372
Madison,1745993,-90.210835,38.638612,-90.077076,38.798193
Maeystown,1746058,-90.238707,38.21985,-90.226347,38.231672
Magnolia,1746110,-89.201731,41.109011,-89.189478,41.118517
Mahomet,1746136,-88.445816,40.163854,-88.336532,40.226247
Makanda,1746214,-89.268547,37.598605,-89.20016,37.645828
Malden,1746240,-89.375383,41.420107,-89.36462,41.429664
Malta,1746279,-88.886784,41.921111,-88.856729,41.937545
Manchester,1746331,-90.340253,39.534867,-90.320338,39.549816
Manhattan,1746357,-88.020384,41.385834,-87.941055,41.45452
Manito,1746383,-89.792526,40.405687,-89.765889,40.435133
Manlius,1746422,-89.68337,41.451054,-89.660985,41.461931
Mansfield,1746487,-88.519936,40.205523,-88.495427,40.222004
Manteno,1746500,-87.881985,41.206714,-87.80992,41.276191
Maple Park,1746604,-88.625665,41.890106,-88.584948,41.930518
Mapleton,1746643,-89.737208,40.560128,-89.704365,40.582355
Maquon,1746695,-90.167619,40.79321,-90.156836,40.801014
Marcelline,1746734,-91.371393,40.115139,-91.366008,40.120024
Marengo,1746786,-88.663847,42.171599,-88.575384,42.271533
Marietta,1746825,-90.398047,40.495456,-90.388005,40.503324
Marine,1746864,-89.788013,38.779177,-89.767224,38.794178
Marion,1746916,-89.021829,37.664562,-88.877607,37.767971
Marissa,1746955,-89.815947,38.234299,-89.734497,38.271722
Mark,1746981,-89.280602,41.250494,-89.240598,41.274872
Markham,1747007,-87.719873,41.582697,-87.650211,41.622362
Marley,1747046,-87.932002,41.544997,-87.919455,41.552187
Maroa,1747072,-88.966396,40.022488,-88.942019,40.052307
Marquette Heights,1747111,-89.61986,40.610101,-89.588804,40.629202
Marseilles,1747150,-88.743725,41.267008,-88.637769,41.368612
Marshall,1747163,-87.714142,39.371819,-87.66143,39.434673
Martinsville,1747254,-87.90405,39.320227,-87.862953,39.374348
Martinton,1747280,-87.731103,40.910156,-87.721287,40.919334
Maryville,1747397,-90.005894,38.703964,-89.928368,38.745573
Mascoutah,1747423,-89.831617,38.479912,-89.779327,38.558167
Mason,1747449,-88.635434,38.944413,-88.616129,38.962897
Mason City,1747475,-89.716856,40.193228,-89.678673,40.208695
Matherville,1747527,-90.612388,41.25494,-90.5968,41.264309
Matteson,1747540,-87.790416,41.491436,-87.690738,41.529659
Mattoon,1747553,-88.419224,39.41045,-88.266515,39.520856
Maunie,1747592,-88.04983,38.031048,-88.04247,38.039075
Maywood,1747774,-87.863164,41.864183,-87.824852,41.898648
Mazon,1747787,-88.433434,41.234989,-88.414138,41.248573
McClure,1745525,-89.44949,37.292043,-89.395851,37.334756
McCook,1745564,-87.859459,41.782231,-87.812043,41.806165
McCullom Lake,1745616,-88.306263,42.364063,-88.285343,42.375256
McHenry,1745694,-88.345638,42.299354,-88.238033,42.371403
McLean,1745811,-89.181864,40.303803,-89.149267,40.326474
McLeansboro,1745824,-88.571357,38.071249,-88.511443,38.104178
McNabb,1745850,-89.214491,41.172763,-89.203782,41.181863
Mechanicsburg,1748021,-89.420951,39.791582,-89.389844,39.814321
Media,1748073,-90.846411,40.756846,-90.817444,40.777731
Medora,1748138,-90.147121,39.167199,-90.133847,39.181724
Melrose Park,1748242,-87.903409,41.888954,-87.827848,41.919051
Melvin,1748268,-88.253023,40.56454,-88.236738,40.575295
Mendon,1748307,-91.302308,40.080802,-91.270908,40.09547
Mendota,1748333,-89.147027,41.512769,-89.05035,41.576239
Menominee,1748359,-90.565129,42.459631,-90.522738,42.492175
Meredosia,1748424,-90.569792,39.823377,-90.544422,39.840835
Merrionette Park,1748554,-87.71013,41.676837,-87.695354,41.688033
Merritt,1748567,-90.41919,39.713088,-90.414269,39.717756
Metamora,1748606,-89.391994,40.782213,-89.345398,40.810217
Metcalf,1748632,-87.813796,39.792457,-87.796105,39.807114
Metropolis,1748645,-88.747957,37.135027,-88.672272,37.18703
Mettawa,1748671,-87.941018,42.221114,-87.895653,42.27644
Meyer,1748684,-91.507081,40.144288,-91.501263,40.154647
Middletown,1748853,-89.595152,40.092331,-89.583927,40.106781
Midlothian,1748892,-87.757001,41.610946,-87.698184,41.637454
Milan,1749009,-90.605663,41.409377,-90.522614,41.464061
Milford,1749048,-87.705376,40.617981,-87.684293,40.634824
Mill Creek,1749178,-89.258069,37.335556,-89.248792,37.346621
Mill Shoals,1749347,-88.352721,38.241131,-88.333251,38.263879
Millbrook,1749100,-88.564249,41.588775,-88.524914,41.623024
Milledgeville,1749191,-89.788509,41.957105,-89.763847,41.970364
Millersburg,1749243,-90.828459,41.238006,-90.808703,41.242568
Millington,1749308,-88.611714,41.553907,-88.594178,41.57067
Millstadt,1749386,-90.107039,38.420627,-90.049904,38.484223
Milton,1749477,-90.657124,39.560142,-90.641781,39.571165
Mineral,1749516,-89.843418,41.377395,-89.831229,41.387403
Minier,1749555,-89.320737,40.424547,-89.30693,40.441332
Minonk,1749568,-89.056167,40.892958,-89.02476,40.926172
Minooka,1749607,-88.340023,41.418015,-88.236627,41.491498
Mitchell,1749698,-90.092787,38.757824,-90.071415,38.769019
Modesto,1749802,-89.986831,39.47084,-89.974836,39.485641
Mokena,1749854,-87.927988,41.491693,-87.811892,41.553076
Moline,1749867,-90.539563,41.420958,-90.432092,41.518428
Momence,1749893,-87.686436,41.149611,-87.651159,41.1767
Monee,1749945,-87.783663,41.397656,-87.70913,41.434206
Monmouth,1750010,-90.667471,40.891754,-90.611594,40.935469
Monroe Center,1750062,-89.012319,42.093518,-88.978067,42.108273
Montgomery,1750218,-88.429196,41.697848,-88.28194,41.744853
Monticello,1750244,-88.607928,40.003013,-88.545827,40.06881
Montrose,1750283,-88.388578,39.155066,-88.367623,39.176551
Moro,1750452,-90.032429,38.922251,-90.019737,38.929014
Morris,1750491,-88.489308,41.34925,-88.364733,41.43773
Morrison,1750530,-89.984534,41.791937,-89.937767,41.82282
Morrisonville,1750543,-89.478373,39.413882,-89.448842,39.433009
Morton,1750621,-89.516675,40.558082,-89.421764,40.662185
Morton Grove,1750647,-87.825819,42.02276,-87.76194,42.056534
Mossville,1750699,-89.582884,40.807025,-89.556598,40.825462
Mound City,1750751,-89.17756,37.069691,-89.151251,37.097061
Mound Station,1750790,-90.883343,40.002666,-90.864141,40.010399
Mounds,1750777,-89.213015,37.106675,-89.189646,37.122188
Mount Auburn,1750829,-89.270339,39.757367,-89.251418,39.772478
Mount Carmel,1750868,-87.803755,38.395573,-87.743504,38.446064
Mount Carroll,1750881,-89.992392,42.077055,-89.960132,42.109219
Mount Clare,1750920,-89.83941,39.089554,-89.811533,39.109316
Mount Erie,1750933,-88.239597,38.510869,-88.224676,38.518363
Mount Morris,1750998,-89.445513,42.035217,-89.410226,42.06194
Mount Olive,1751024,-89.750733,39.064265,-89.714959,39.083425
Mount Prospect,1751089,-87.975592,42.020741,-87.888623,42.102387
Mount Pulaski,1751128,-89.294976,40.000388,-89.272764,40.023434
Mount Sterling,1751154,-90.778578,39.976051,-90.749885,39.99631
Mount Vernon,1751180,-88.975773,38.272955,-88.829967,38.347458
Mount Zion,1751206,-88.915526,39.750724,-88.858527,39.804662
Moweaqua,1751232,-89.053354,39.610429,-89.002501,39.639562
Muddy,1751271,-88.52181,37.759414,-88.506864,37.772883
Mulberry Grove,1751284,-89.278439,38.917284,-89.256714,38.931875
Mulkeytown,1751310,-89.117624,37.968334,-89.104613,37.975722
Muncie,1751336,-87.849861,40.114008,-87.835311,40.117925
Mundelein,1751349,-88.072496,42.227642,-87.93845,42.306126
Murphysboro,1751453,-89.366553,37.748164,-89.278528,37.789312
Murrayville,1751479,-90.260898,39.574394,-90.241824,39.589069
Nachusa,1751544,-89.400483,41.830173,-89.370956,41.837578
Naperville,1751622,-88.235347,41.666244,-88.088513,41.821871
Naplate,1751648,-88.886769,41.328712,-88.873254,41.335673
Naples,1751661,-90.616117,39.74678,-90.60086,39.762808
Nashville,1751700,-89.404073,38.327536,-89.350323,38.393873
Nason,1751726,-88.976661,38.169131,-88.957751,38.183711
Nauvoo,1751791,-91.406851,40.523032,-91.360861,40.568694
Nebo,1751882,-90.794444,39.435735,-90.781346,39.447015
Nekoma,1751934,-90.19448,41.169061,-90.18731,41.174582
Nelson,1751947,-89.611604,41.79244,-89.592395,41.801538
Neoga,1751986,-88.467012,39.312732,-88.427575,39.332283
Neponset,1751999,-89.799218,41.289411,-89.779592,41.304335
New Athens,1752116,-89.900159,38.305925,-89.852723,38.335373
New Baden,1752142,-89.736644,38.52803,-89.684725,38.546018
New Bedford,1752155,-89.722391,41.507524,-89.715103,41.514895
New Berlin,1752168,-89.930694,39.718487,-89.900583,39.733153
New Boston,1752220,-91.014718,41.158344,-90.986031,41.180277
New Burnside,1752285,-88.782062,37.570898,-88.763158,37.586432
New Canton,1752311,-91.106806,39.628773,-91.085862,39.64413
New Douglas,1752415,-89.675932,38.960831,-89.657137,38.977545
New Grand Chain,1752467,-89.028267,37.24672,-88.99998,37.262465
New Haven,1752506,-88.138918,37.893036,-88.11777,37.916118
New Holland,1752545,-89.589509,40.179373,-89.572889,40.18834
New Lenox,1752584,-88.026096,41.460788,-87.907433,41.566506
New Milford,1752701,-89.084822,42.159043,-89.02388,42.194426
New Minden,1752714,-89.375346,38.434164,-89.364389,38.442938
New Salem,1752805,-90.857527,39.700212,-90.838166,39.715071
Newark,1752103,-88.590078,41.526586,-88.569445,41.54821
Newman,1752623,-88.003862,39.787601,-87.977768,39.803266
Newton,1752844,-88.192695,38.973033,-88.144285,38.998089
Niantic,1752961,-89.174855,39.846095,-89.156545,39.86494
Niles,1753000,-87.855014,41.999985,-87.767142,42.062016
Nilwood,1753039,-89.81468,39.391667,-89.802852,39.406334
Niota,1753078,-91.299414,40.609682,-91.280478,40.623818
Noble,1753143,-88.232697,38.689964,-88.213388,38.704899
Nokomis,1753169,-89.298017,39.290633,-89.270935,39.308844
Nora,1753195,-89.955254,42.447409,-89.934079,42.463017
Normal,1753234,-89.083473,40.493899,-88.903021,40.561684
Norridge,1753377,-87.846564,41.952391,-87.801301,41.975397
Norris,1753390,-90.0378,40.622103,-90.022831,40.629359
Norris City,1753403,-88.337853,37.96174,-88.319343,37.988215
North Aurora,1753442,-88.400804,41.788791,-88.298613,41.832968
North Barrington,1753455,-88.160038,42.179042,-88.110796,42.2417
North Chicago,1753559,-87.899504,42.287764,-87.824646,42.34152
North City,1753585,-89.078898,37.979571,-89.049662,38.005079
North Henderson,1753793,-90.478769,41.085638,-90.467304,41.094414
North Pekin,1754092,-89.636832,40.600022,-89.607817,40.626705
North Riverside,1754144,-87.855227,41.835301,-87.80348,41.857747
North Utica,1754222,-89.038889,41.312167,-88.990881,41.389818
Northbrook,1753481,-87.892357,42.098324,-87.780301,42.152998
Northfield,1753663,-87.801559,42.08487,-87.751421,42.119598
Northlake,1753871,-87.920562,41.899696,-87.882872,41.937045
Norwood,1754404,-89.706222,40.704473,-89.691438,40.711032
O'Fallon,1755249,-89.966326,38.547351,-89.852854,38.650085
Oak Brook,1754534,-87.99679,41.81294,-87.91861,41.86188
Oak Forest,1754638,-87.794557,41.575003,-87.713863,41.62868
Oak Grove,1754703,-90.587076,41.406887,-90.56295,41.421113
Oak Lawn,1754820,-87.798757,41.683381,-87.720317,41.734524
Oak Park,1754885,-87.805748,41.864977,-87.774139,41.909254
Oak Run,1754924,-90.165817,40.945588,-90.101383,40.979396
Oakbrook Terrace,1754560,-87.992481,41.844638,-87.948558,41.868261
Oakdale,1754586,-89.520039,38.255725,-89.491998,38.27551
Oakford,1754625,-89.971656,40.094802,-89.957823,40.106145
Oakland,1754781,-88.045286,39.648288,-88.014425,39.667036
Oakwood,1755002,-87.784953,40.092059,-87.768256,40.128346
Oakwood Hills,1755041,-88.257395,42.240436,-88.222682,42.256185
Oblong,1755106,-87.927462,38.994495,-87.899494,39.008852
Oconee,1755132,-89.112397,39.280837,-89.100134,39.290378
Odell,1755171,-88.533611,40.994842,-88.501599,41.01056
Odin,1755210,-89.063848,38.606808,-89.038683,38.626748
Ogden,1755275,-87.966368,40.108853,-87.947659,40.12264
Oglesby,1755353,-89.105644,41.272814,-89.030739,41.31046
Ohio,1755379,-89.471292,41.549278,-89.451957,41.561078
Ohlman,1755418,-89.22353,39.337903,-89.214368,39.34887
Okawville,1755470,-89.562613,38.418456,-89.532005,38.448505
Old Mill Creek,1755639,-88.014635,42.395388,-87.947539,42.483955
Old Ripley,1755717,-89.574957,38.888559,-89.568584,38.897298
Old Shawneetown,1755756,-88.147579,37.689065,-88.130972,37.705084
Olive Branch,1755847,-89.388119,37.150935,-89.31618,37.196242
Olivet,1755886,-87.653808,39.933707,-87.617343,39.954912
Olmsted,1755899,-89.104712,37.164621,-89.062721,37.196184
Olney,1755912,-88.13132,38.697576,-88.047803,38.758453
Olympia Fields,1755938,-87.714426,41.503965,-87.664645,41.529137
Omaha,1756003,-88.312145,37.882958,-88.297084,37.897751
Onarga,1756081,-88.027939,40.70187,-87.993833,40.72504
Oneida,1756159,-90.234495,41.063158,-90.21474,41.079688
Opdyke,1756198,-88.795624,38.252426,-88.781715,38.264949
Ophiem,1756211,-90.397336,41.245194,-90.367973,41.263176
Oquawka,1756237,-90.962916,40.924441,-90.937889,40.954475
Orangeville,1756341,-89.655705,42.455281,-89.637474,42.47536
Oreana,1756471,-88.878797,39.92998,-88.856652,39.948557
Oregon,1756484,-89.352791,41.999462,-89.310394,42.026457
Orient,1756536,-88.98639,37.9102,-88.967306,37.926965
Orion,1756601,-90.391205,41.340996,-90.358339,41.362015
Orland Hills,1756627,-87.861868,41.579573,-87.832454,41.603731
Orland Park,1756640,-87.911636,41.552679,-87.789731,41.652588
Osco,1756796,-90.28972,41.342264,-90.277925,41.350863
Oswego,1756887,-88.41841,41.63725,-88.260275,41.719315
Ottawa,1756926,-88.889085,41.309623,-88.743725,41.397842
Otterville,1756978,-90.40776,39.043488,-90.38897,39.058117
Owaneco,1757043,-89.204292,39.4765,-89.185475,39.487751
Oxville,1757121,-90.563394,39.703469,-90.557567,39.706963
Paderborn,1757160,-90.051353,38.355841,-90.041461,38.363392
Palatine,1757225,-88.094968,42.062331,-88.003271,42.153848
Palestine,1757277,-87.626944,38.99628,-87.59961,39.007248
Palmer,1757303,-89.417358,39.451316,-89.398453,39.466044
Palmyra,1757329,-90.005471,39.427136,-89.986273,39.442519
Paloma,1757342,-91.205598,40.019162,-91.191134,40.031976
Palos Heights,1757381,-87.820163,41.645672,-87.768567,41.684432
Palos Hills,1757394,-87.846842,41.680706,-87.797857,41.718198
Palos Park,1757407,-87.967208,41.649768,-87.810733,41.692374
Pana,1757472,-89.118722,39.35816,-89.009402,39.406145
Panama,1757498,-89.529483,39.020926,-89.518861,39.037295
Panola,1757524,-89.025495,40.773342,-89.011317,40.790521
Papineau,1757576,-87.720514,40.96285,-87.712667,40.973203
Paris,1757628,-87.719201,39.581563,-87.649207,39.649894
Park City,1757654,-87.90725,42.341573,-87.877854,42.363325
Park Forest,1757732,-87.709872,41.449079,-87.656042,41.506176
Park Ridge,1757875,-87.869829,41.984509,-87.816269,42.04717
Parkersburg,1757693,-88.063787,38.580793,-88.049884,38.599314
Patoka,1758057,-89.105543,38.745919,-89.086569,38.766392
Paw Paw,1758226,-88.99312,41.681693,-88.968635,41.696521
Pawnee,1758174,-89.608943,39.58224,-89.567557,39.608965
Paxton,1758239,-88.13188,40.443995,-88.078776,40.469987
Payson,1758265,-91.256346,39.807218,-91.232188,39.826395
Pearl,1758343,-90.638438,39.451577,-90.605505,39.467078
Pearl City,1758369,-89.835889,42.256396,-89.820644,42.276379
Pecatonica,1758408,-89.372263,42.298192,-89.341071,42.318503
Pekin,1758447,-89.675118,40.53085,-89.574485,40.615393
Penfield,1758577,-87.949236,40.298919,-87.936269,40.309503
Peoria,1759000,-89.69887,40.652235,-89.546414,40.844242
Peoria Heights,1759026,-89.59095,40.728751,-89.54103,40.760719
Peotone,1759052,-87.823906,41.313213,-87.765959,41.339591
Percy,1759104,-89.633375,38.008732,-89.60429,38.021167
Perry,1759156,-90.75515,39.777937,-90.73807,39.786293
Peru,1759234,-89.182727,41.309772,-89.105732,41.383875
Pesotum,1759273,-88.283745,39.901746,-88.264916,39.922624
Petersburg,1759312,-89.862393,40.003537,-89.807991,40.02581
Phillipstown,1759520,-88.023185,38.139248,-88.013038,38.146478
Philo,1759533,-88.166392,39.996389,-88.142681,40.01204
Phoenix,1759572,-87.636646,41.604201,-87.624118,41.619309
Pierron,1759709,-89.602684,38.772221,-89.5158,38.783316
Pinckneyville,1759884,-89.415012,38.042673,-89.315167,38.116583
Pingree Grove,1759988,-88.4686,42.061386,-88.409507,42.110393
Piper City,1760079,-88.196956,40.74817,-88.180707,40.765378
Pistakee Highlands,1760144,-88.227246,42.385562,-88.198804,42.415577
Pittsburg,1760209,-88.864129,37.766643,-88.835747,37.790291
Pittsfield,1760222,-90.850766,39.592974,-90.740901,39.656619
Plainfield,1760287,-88.302589,41.569223,-88.162889,41.680185
Plainville,1760339,-91.189965,39.778281,-91.175754,39.78903
Plano,1760352,-88.575093,41.647361,-88.487901,41.720031
Plattville,1760391,-88.404873,41.525174,-88.365899,41.54803
Pleasant Hill,1760534,-90.885802,39.434468,-90.860838,39.452135
Pleasant Plains,1760599,-89.929833,39.865472,-89.901149,39.885841
Plum Valley,1760826,-87.561961,41.446844,-87.525671,41.470283
Plymouth,1760833,-90.924158,40.284057,-90.905738,40.299301
Pocahontas,1760872,-89.552621,38.8181,-89.529127,38.829115
Polo,1760937,-89.602217,41.973893,-89.564226,41.995778
Pontiac,1761015,-88.682341,40.858901,-88.60366,40.935845
Pontoon Beach,1761067,-90.106127,38.666669,-90.011887,38.775023
Pontoosuc,1761080,-91.228395,40.618564,-91.195505,40.638473
Poplar Grove,1761145,-88.880913,42.305665,-88.805094,42.386019
Port Barrington,1761216,-88.210372,42.227306,-88.174077,42.256135
Port Byron,1761223,-90.338921,41.590646,-90.306101,41.637469
Posen,1761314,-87.698514,41.619152,-87.674625,41.640868
Potomac,1761366,-87.808603,40.299761,-87.785425,40.314243
Prairie City,1761548,-90.474697,40.613444,-90.454103,40.62841
Prairie Grove,1761678,-88.301841,42.248623,-88.227977,42.29949
Prairie du Rocher,1761639,-90.107654,38.072712,-90.08846,38.08987
Prairietown,1761743,-89.927025,38.962948,-89.918576,38.970318
Preemption,1761782,-90.591831,41.305404,-90.567044,41.320477
Prestbury,1761821,-88.43427,41.778247,-88.4094,41.790535
Preston Heights,1761860,-88.102357,41.487836,-88.061239,41.507149
Princeton,1761899,-89.499483,41.346397,-89.422332,41.423061
Princeville,1761925,-89.767327,40.922821,-89.744336,40.952121
Prophetstown,1761977,-89.949956,41.661934,-89.912814,41.682381
Prospect Heights,1762016,-87.969069,42.0878,-87.878249,42.124357
Pulaski,1762211,-89.217208,37.206813,-89.198749,37.228926
Quincy,1762367,-91.428424,39.897206,-91.31581,39.973067
Radom,1762523,-89.201336,38.272121,-89.182703,38.287625
Raleigh,1762588,-88.544148,37.815996,-88.516479,37.838325
Ramsey,1762627,-89.120046,39.136795,-89.100825,39.16488
Rankin,1762744,-87.901891,40.456316,-87.886978,40.472136
Ransom,1762757,-88.663875,41.151226,-88.644472,41.165867
Rantoul,1762783,-88.212991,40.275387,-88.117064,40.326742
Rapids City,1762822,-90.359314,41.56701,-90.325525,41.594496
Raritan,1762848,-90.830685,40.693053,-90.818863,40.698219
Raymond,1762965,-89.593089,39.308007,-89.561326,39.330661
Red Bud,1763043,-90.026526,38.191845,-89.975579,38.222723
Reddick,1763056,-88.2531,41.093369,-88.244039,41.103707
Redmon,1763069,-87.867519,39.640939,-87.856022,39.647608
Rentchler,1763355,-89.873215,38.486311,-89.861287,38.497131
Rest Haven,1763382,-88.14126,41.243968,-88.123871,41.265979
Reynolds,1763420,-90.681866,41.326749,-90.665841,41.337278
Richfield,1763537,-91.125268,39.808761,-91.105938,39.819883
Richmond,1763641,-88.330432,42.439866,-88.276828,42.494619
Richton Park,1763706,-87.790313,41.46971,-87.702879,41.49214
Richview,1763719,-89.196324,38.366336,-89.163959,38.394993
Ridge Farm,1763862,-87.670168,39.884162,-87.63279,39.908814
Ridgefield,1763875,-88.371718,42.260545,-88.355102,42.27606
Ridgewood,1764005,-88.057523,41.52803,-88.033837,41.541965
Ridgway,1764018,-88.272693,37.791756,-88.248867,37.807314
Ridott,1764044,-89.48027,42.295022,-89.473817,42.299417
Riggston,1764083,-90.425799,39.692805,-90.420863,39.695795
Riley,1764094,-88.637142,42.190384,-88.620492,42.194905
Ringwood,1764135,-88.335475,42.37755,-88.28001,42.414843
Rio,1764148,-90.40462,41.105383,-90.390175,41.113398
Ripley,1764174,-90.644253,40.019859,-90.629665,40.030197
Ritchie,1764239,-88.125428,41.244077,-88.104333,41.266868
River Forest,1764304,-87.834747,41.879175,-87.804986,41.908907
River Grove,1764343,-87.852609,41.908405,-87.825441,41.93775
Riverdale,1764278,-87.669683,41.629834,-87.6172,41.661734
Riverside,1764421,-87.832192,41.81655,-87.802676,41.8431
Riverton,1764486,-89.558963,39.822294,-89.506393,39.863796
Riverwoods,1764538,-87.923176,42.152953,-87.874446,42.192953
Roanoke,1764590,-89.220547,40.788312,-89.182167,40.805194
Robbins,1764616,-87.728399,41.632678,-87.691878,41.651076
Roberts,1764655,-88.19132,40.607333,-88.175674,40.621096
Robinson,1764707,-87.766125,38.985127,-87.68467,39.02856
Rochelle,1764746,-89.123237,41.861942,-88.985635,41.960302
Rochester,1764759,-89.571649,39.732638,-89.517348,39.765458
Rock City,1764837,-89.478842,42.410741,-89.464362,42.415777
Rock Falls,1764928,-89.744806,41.754416,-89.661327,41.78874
Rock Island,1765078,-90.653375,41.415008,-90.532536,41.513161
Rock Island Arsenal,1765104,-90.581615,41.5085,-90.503633,41.526133
Rockbridge,1764811,-90.213745,39.262273,-90.199242,39.276381
Rockdale,1764902,-88.144955,41.495222,-88.098158,41.511427
Rockford,1765000,-89.195274,42.143238,-88.940855,42.339314
Rockport,1765130,-91.021375,39.531711,-91.001903,39.547262
Rockton,1765156,-89.098956,42.411864,-89.019413,42.474598
Rockwood,1765221,-89.707262,37.832514,-89.686614,37.850711
Rolling Meadows,1765338,-88.06806,42.046052,-87.993103,42.104516
Rome,1765403,-89.524832,40.854062,-89.491749,40.893149
Romeoville,1765442,-88.163103,41.59268,-88.028565,41.679888
Roodhouse,1765481,-90.383918,39.472876,-90.362936,39.49163
Roscoe,1765611,-89.059763,42.383878,-88.96039,42.478433
Rose Hill,1765754,-88.157806,39.097413,-88.14192,39.11194
Roselle,1765806,-88.125052,41.960238,-88.046498,42.000658
Rosemont,1765819,-87.896044,41.973817,-87.85573,42.009623
Roseville,1765845,-90.673988,40.724398,-90.654258,40.738839
Rosewood Heights,1765884,-90.087391,38.875483,-90.058747,38.9051
Rosiclare,1765897,-88.365065,37.403449,-88.33492,37.440118
Rossville,1765962,-87.691944,40.368339,-87.656598,40.401475
Round Lake,1766027,-88.148483,42.3032,-88.082307,42.368004
Round Lake Beach,1766040,-88.120131,42.364301,-88.043542,42.399578
Round Lake Heights,1766053,-88.113605,42.379064,-88.097031,42.393697
Round Lake Park,1766066,-88.08757,42.303004,-88.048256,42.364771
Roxana,1766131,-90.090423,38.80427,-90.003711,38.856304
Royal,1766157,-87.983147,40.190291,-87.960541,40.199799
Royal Lakes,1766196,-89.970064,39.10791,-89.951327,39.115431
Royalton,1766209,-89.123663,37.869392,-89.104708,37.887768
Ruma,1766287,-90.01131,38.116622,-89.991651,38.140221
Rushville,1766339,-90.586095,40.109232,-90.544053,40.134158
Russellville,1766404,-87.535382,38.812272,-87.522161,38.824906
Rutland,1766443,-89.047427,40.969657,-89.03299,40.992029
Sadorus,1766534,-88.356574,39.958767,-88.336118,39.974759
Sailor Springs,1766599,-88.366747,38.759952,-88.355291,38.767983
Salem,1767236,-89.013658,38.598259,-88.921676,38.660601
Sammons Point,1767372,-87.873206,41.007766,-87.843297,41.056958
San Jose,1767613,-89.611897,40.298103,-89.596929,40.312817
Sandoval,1767444,-89.128379,38.601689,-89.106396,38.619982
Sandwich,1767548,-88.655928,41.631259,-88.570918,41.677938
Sauget,1767756,-90.204623,38.549814,-90.114724,38.607864
Sauk Village,1767769,-87.599464,41.469992,-87.538568,41.513845
Saunemin,1767795,-88.415075,40.8765,-88.40086,40.898372
Savanna,1767821,-90.159994,42.071648,-90.110939,42.109917
Savoy,1767860,-88.276056,40.024227,-88.238006,40.083565
Sawyerville,1767873,-89.811454,39.071131,-89.792589,39.085863
Saybrook,1767912,-88.543263,40.420142,-88.516622,40.436929
Scales Mound,1767925,-90.263155,42.467389,-90.243083,42.483031
Schaumburg,1768003,-88.154429,41.986841,-88.028023,42.078112
Schiller Park,1768081,-87.890763,41.945386,-87.847392,41.973359
Schram City,1768120,-89.473613,39.155276,-89.446292,39.173433
Sciota,1768198,-90.755446,40.559138,-90.741897,40.566589
Scott AFB,1768328,-89.882948,38.524414,-89.821788,38.558337
Scottville,1768406,-90.113321,39.470435,-90.09421,39.484979
Seaton,1768458,-90.814153,41.094537,-90.784162,41.109923
Seatonville,1768471,-89.282551,41.356837,-89.262744,41.371547
Secor,1768510,-89.14186,40.735117,-89.130064,40.746584
Seneca,1768640,-88.63794,41.281585,-88.526872,41.363033
Serena,1768679,-88.738495,41.482702,-88.72689,41.494642
Sesser,1768705,-89.063497,38.078047,-89.038568,38.100702
Seymour,1768809,-88.431234,40.104895,-88.423251,40.109216
Shabbona,1768822,-88.906223,41.757387,-88.85628,41.772809
Shannon,1768991,-89.74695,42.146139,-89.733587,42.16031
Shawneetown,1769082,-88.196058,37.704418,-88.175399,37.723802
Sheffield,1769147,-89.756162,41.349362,-89.723331,41.365091
Shelbyville,1769186,-88.84574,39.390144,-88.757718,39.434669
Sheldon,1769212,-87.57614,40.761776,-87.556612,40.776936
Sheridan,1769277,-88.710883,41.51234,-88.652911,41.562832
Sherman,1769342,-89.630782,39.867527,-89.582386,39.915279
Sherrard,1769368,-90.512398,41.295425,-90.483581,41.324304
Shiloh,1769524,-89.966157,38.497245,-89.871446,38.581025
Shipman,1769563,-90.05778,39.112958,-90.028673,39.12778
Shirley,1769628,-89.067233,40.403232,-89.059885,40.40978
Shorewood,1769758,-88.246464,41.484063,-88.178809,41.545344
Shumway,1769797,-88.660909,39.178493,-88.646911,39.186887
Sibley,1769810,-88.386401,40.5802,-88.37072,40.594431
Sidell,1769836,-87.832464,39.902449,-87.814757,39.916959
Sidney,1769875,-88.082684,40.0112,-88.059122,40.033209
Sigel,1769914,-88.503048,39.221333,-88.488917,39.229544
Silvis,1769979,-90.426406,41.467517,-90.386139,41.52196
Simpson,1770005,-88.765397,37.463551,-88.746032,37.470978
Sims,1770031,-88.545661,38.352883,-88.526377,38.371971
Skokie,1770122,-87.780882,42.003325,-87.708661,42.06504
Sleepy Hollow,1770161,-88.335398,42.078519,-88.291523,42.102859
Smithboro,1770213,-89.350161,38.88698,-89.331215,38.902426
Smithfield,1770226,-90.300974,40.466095,-90.282058,40.480823
Smithton,1770252,-90.022495,38.366323,-89.964699,38.460854
Smithville,1770278,-89.820513,40.65328,-89.785438,40.668346
Solon Mills,1770356,-88.287774,42.438131,-88.26847,42.447472
Somonauk,1770460,-88.69828,41.624644,-88.651066,41.66482
Sorento,1770525,-89.586106,38.994204,-89.564837,39.008086
South Barrington,1770564,-88.194627,42.066582,-88.104295,42.110599
South Beloit,1770590,-89.079549,42.456835,-88.982754,42.496296
South Chicago Heights,1770629,-87.655073,41.474165,-87.606333,41.491588
South Elgin,1770720,-88.364869,41.960326,-88.267609,42.012685
South Holland,1770850,-87.636387,41.577302,-87.563109,41.622666
South Jacksonville,1770889,-90.248034,39.682624,-90.215189,39.715997
South Pekin,1771175,-89.663821,40.479981,-89.639675,40.504176
South Roxana,1771240,-90.081089,38.786764,-90.048222,38.833326
South Wilmington,1771370,-88.291064,41.169981,-88.26959,41.17941
Southern View,1770759,-89.66068,39.742767,-89.639725,39.764519
Sparland,1771422,-89.460977,41.020462,-89.432504,41.036299
Sparta,1771448,-89.777414,38.100845,-89.681542,38.190571
Spaulding,1771474,-89.56385,39.85807,-89.524492,39.874539
Spillertown,1771526,-88.927852,37.759242,-88.915099,37.769069
Spring Bay,1771604,-89.541159,40.811247,-89.51145,40.831286
Spring Grove,1772052,-88.282874,42.412022,-88.205682,42.495041
Spring Valley,1772156,-89.241042,41.309709,-89.163734,41.371433
Springerton,1771643,-88.363441,38.175893,-88.351734,38.183171
Springfield,1772000,-89.772132,39.65316,-89.568509,39.874247
St. Anne,1766638,-87.734113,41.013776,-87.703891,41.030271
St. Augustine,1766677,-90.415627,40.714489,-90.400923,40.72912
St. Charles,1766703,-88.389604,41.897015,-88.249501,41.961133
St. David,1766768,-90.060186,40.486675,-90.040983,40.496049
St. Elmo,1766794,-88.862133,39.004848,-88.839136,39.044706
St. Francisville,1766833,-87.65539,38.585145,-87.636874,38.598741
St. Jacob,1766859,-89.777853,38.710424,-89.756613,38.733044
St. Johns,1766924,-89.249784,38.026884,-89.230948,38.039653
St. Joseph,1766950,-88.061554,40.104636,-88.009883,40.122072
St. Libory,1766989,-89.72704,38.351791,-89.703974,38.37291
St. Peter,1767132,-88.865411,38.863064,-88.832357,38.871728
St. Rose,1767158,-89.559445,38.673168,-89.54725,38.689657
Standard,1772221,-89.19227,41.250435,-89.168522,41.261875
Standard City,1772234,-89.793264,39.34317,-89.774288,39.355122
Stanford,1772260,-89.228238,40.420616,-89.212881,40.442426
Staunton,1772403,-89.82316,38.99833,-89.746843,39.027659
Ste. Marie,1766800,-88.03795,38.921848,-88.017328,38.938005
Steeleville,1772468,-89.681482,37.997603,-89.647952,38.021066
Steger,1772520,-87.654651,41.45866,-87.5775,41.487051
Sterling,1772546,-89.75765,41.783028,-89.640248,41.821125
Steward,1772624,-89.024658,41.845942,-89.010344,41.85183
Stewardson,1772650,-88.640277,39.257145,-88.617799,39.270408
Stickney,1772676,-87.802612,41.810321,-87.74354,41.829316
Stillman Valley,1772702,-89.19027,42.099593,-89.165352,42.112271
Stockton,1772780,-90.023752,42.338901,-89.980938,42.364297
Stone Park,1772923,-87.887608,41.89695,-87.870425,41.907808
Stonefort,1772884,-88.722505,37.606631,-88.689918,37.625058
Stonington,1772949,-89.210268,39.632213,-89.181419,39.644111
Stoy,1773027,-87.843336,38.990002,-87.823848,39.003552
Strasburg,1773040,-88.632342,39.342402,-88.61383,39.355374
Strawn,1773131,-88.40488,40.64647,-88.39443,40.661056
Streamwood,1773157,-88.221779,41.989334,-88.13866,42.043078
Streator,1773170,-88.864391,41.083542,-88.796903,41.160962
Stronghurst,1773261,-90.918275,40.738233,-90.899109,40.75303
Sublette,1773287,-89.238273,41.636139,-89.218806,41.64937
Sugar Grove,1773391,-88.513241,41.729031,-88.397382,41.805585
Sullivan,1773495,-88.633232,39.559257,-88.590502,39.610921
Summerfield,1773547,-89.761393,38.590018,-89.73398,38.60089
Summit,1773638,-87.834045,41.772386,-87.800867,41.800777
Sumner,1773703,-87.909015,38.709822,-87.852584,38.732048
Sun River Terrace,1773943,-87.745274,41.119141,-87.724319,41.133735
Sunnyland,1773872,-88.152166,41.565769,-88.139988,41.578649
Swansea,1774119,-90.025569,38.522037,-89.954325,38.578092
Swedona,1774145,-90.449955,41.275488,-90.434883,41.28315
Sycamore,1774223,-88.733893,41.95509,-88.6318,42.040023
Symerton,1774275,-88.056324,41.321152,-88.050379,41.330726
Table Grove,1774301,-90.431578,40.360721,-90.419389,40.370952
Tallula,1774379,-89.947764,39.93856,-89.928998,39.952762
Tamaroa,1774444,-89.241197,38.128303,-89.218398,38.145177
Tamms,1774457,-89.288987,37.222405,-89.258223,37.258091
Tampico,1774470,-89.793452,41.624834,-89.776405,41.635959
Taylor Ridge,1774548,-90.682488,41.379374,-90.659557,41.401299
Taylor Springs,1774561,-89.506062,39.121982,-89.482145,39.140105
Taylorville,1774574,-89.337651,39.462369,-89.218177,39.596916
Tennessee,1774665,-90.845076,40.40639,-90.829672,40.417063
Teutopolis,1774743,-88.503598,39.115114,-88.4383,39.143949
Thawville,1774847,-88.121155,40.66827,-88.109045,40.679841
Thayer,1774860,-89.770234,39.535996,-89.744227,39.544927
The Galena Territory,1774970,-90.358988,42.371912,-90.26957,42.430304
Thebes,1774873,-89.467631,37.186852,-89.440774,37.226807
Third Lake,1775081,-88.03869,42.356371,-87.9979,42.3897
Thomasboro,1775107,-88.196538,40.231486,-88.179111,40.255231
Thompsonville,1775159,-88.780974,37.907034,-88.743648,37.921864
Thomson,1775172,-90.129585,41.948803,-90.097788,41.994632
Thornton,1775185,-87.635395,41.557335,-87.598871,41.586413
Tilden,1775263,-89.693463,38.205295,-89.674362,38.219443
Tilton,1775276,-87.66772,40.075478,-87.619871,40.117982
Timberlane,1775360,-88.894636,42.327425,-88.846683,42.35246
Tinley Park,1775484,-87.85639,41.525204,-87.759574,41.604072
Tiskilwa,1775549,-89.519831,41.288263,-89.49002,41.298288
Toledo,1775601,-88.264548,39.262385,-88.227138,39.284269
Tolono,1775614,-88.275327,39.966752,-88.246514,40.017603
Toluca,1775653,-89.143854,40.992049,-89.123209,41.022241
Tonica,1775718,-89.086976,41.204947,-89.055168,41.228717
Topeka,1775757,-89.933819,40.326427,-89.927995,40.333967
Toulon,1775783,-89.885775,41.082762,-89.8386,41.100623
Tovey,1775809,-89.456709,39.5858,-89.43996,39.59104
Towanda,1775822,-88.911466,40.557189,-88.886124,40.57175
Tower Hill,1775848,-88.968294,39.378249,-88.950304,39.394598
Tower Lakes,1775874,-88.164404,42.220909,-88.135729,42.241355
Tremont,1775965,-89.50627,40.51443,-89.466436,40.533378
Trenton,1775991,-89.703067,38.598591,-89.663562,38.618899
Trilla,1776017,-88.357005,39.372041,-88.34347,39.381627
Triumph,1776082,-89.025247,41.495337,-89.01709,41.505234
Trivoli,1776108,-89.905763,40.690136,-89.872109,40.705112
Trout Valley,1776160,-88.262047,42.191293,-88.247585,42.204201
Troy,1776199,-89.930798,38.697974,-89.84699,38.747906
Troy Grove,1776225,-89.093112,41.460963,-89.068685,41.469783
Tuscola,1776407,-88.29243,39.775214,-88.255325,39.820514
Twin Grove,1776511,-89.125831,40.471357,-89.064462,40.502484
Ullin,1776615,-89.193536,37.261062,-89.155284,37.297343
Union,1776706,-88.552975,42.218588,-88.535551,42.240699
Union Hill,1776771,-88.14885,41.105137,-88.143957,41.111423
Unity,1776875,-89.279669,37.143747,-89.26593,37.1606
University Park,1776935,-87.761002,41.420177,-87.661181,41.472827
Urbana,1777005,-88.233985,40.072872,-88.15306,40.157339
Ursa,1777044,-91.395145,40.059911,-91.361875,40.089173
Valier,1777148,-89.053584,38.008834,-89.034301,38.037422
Valley City,1777187,-90.656811,39.702784,-90.643779,39.710604
Valmeyer,1777265,-90.324265,38.289963,-90.260935,38.321429
Vandalia,1777317,-89.156699,38.943424,-89.079674,39.018412
Varna,1777395,-89.231066,41.02841,-89.219767,41.039953
Venedy,1777408,-89.649706,38.391968,-89.641563,38.401291
Venetian Village,1777460,-88.073438,42.389967,-88.028716,42.415282
Venice,1777473,-90.184623,38.660119,-90.157082,38.69194
Vergennes,1777525,-89.345966,37.8961,-89.333166,37.909647
Vermilion,1777551,-87.594956,39.574766,-87.581062,39.585658
Vermont,1777642,-90.439903,40.28343,-90.416478,40.305813
Vernon,1777681,-89.095761,38.793991,-89.079369,38.808719
Vernon Hills,1777694,-87.994152,42.200932,-87.931617,42.269662
Verona,1777707,-88.511389,41.21284,-88.497319,41.218579
Versailles,1777720,-90.668671,39.876288,-90.649931,39.891297
Victoria,1777811,-90.107628,41.023866,-90.080532,41.036909
Vienna,1777863,-88.91156,37.401787,-88.851934,37.432122
Villa Grove,1777941,-88.169782,39.846222,-88.148174,39.879941
Villa Park,1777993,-88.004718,41.858212,-87.95684,41.917325
Viola,1778123,-90.596832,41.196574,-90.576453,41.214575
Virden,1778149,-89.790709,39.490113,-89.757698,39.527664
Virgil,1778175,-88.542917,41.940444,-88.503139,41.97162
Virginia,1778201,-90.224866,39.938541,-90.199644,39.970834
Volo,1778227,-88.184735,42.299422,-88.135242,42.367657
Wadsworth,1778370,-87.963926,42.400229,-87.878936,42.493927
Waggoner,1778383,-89.65728,39.373945,-89.647808,39.381158
Walnut,1778526,-89.606148,41.548833,-89.574758,41.565229
Walnut Hill,1778604,-89.051769,38.474005,-89.037705,38.481364
Walshville,1778656,-89.624304,39.065235,-89.614221,39.072655
Waltonville,1778708,-89.049724,38.205359,-89.023979,38.224503
Wamac,1778721,-89.153705,38.47942,-89.134061,38.514388
Wapella,1778773,-88.96993,40.213717,-88.955691,40.231653
Warren,1778851,-90.001569,42.484266,-89.978263,42.5032
Warrensburg,1778916,-89.082701,39.925844,-89.0468,39.937218
Warrenville,1778929,-88.214442,41.799207,-88.148477,41.850584
Warsaw,1778942,-91.466999,40.331814,-91.402186,40.375942
Washburn,1779007,-89.30312,40.912864,-89.280244,40.928872
Washington,1779033,-89.48369,40.675111,-89.373061,40.734733
Washington Park,1779085,-90.112809,38.613015,-90.074474,38.645349
Wataga,1779124,-90.287523,41.01842,-90.258415,41.034108
Waterloo,1779150,-90.179807,38.299899,-90.115351,38.383196
Waterman,1779163,-88.786142,41.761441,-88.744428,41.778245
Watseka,1779228,-87.767059,40.759848,-87.695783,40.790202
Watson,1779241,-88.582298,39.017689,-88.553305,39.036593
Wauconda,1779267,-88.16423,42.247669,-88.106307,42.306478
Waukegan,1779293,-87.963654,42.30922,-87.801684,42.431914
Waverly,1779358,-89.964323,39.583842,-89.943011,39.600217
Wayne,1779397,-88.312533,41.928845,-88.201247,41.975989
Wayne City,1779436,-88.616289,38.335586,-88.570724,38.357472
Waynesville,1779449,-89.130262,40.236599,-89.119572,40.24575
Wedron,1779618,-88.783177,41.430779,-88.763821,41.44449
Weldon,1779683,-88.754788,40.117132,-88.74514,40.128182
Wellington,1779735,-87.69347,40.535896,-87.673993,40.560174
Wenona,1779813,-89.06264,41.025489,-89.046319,41.060809
Wenonah,1779826,-89.298212,39.308811,-89.27923,39.334207
West Brooklyn,1780008,-89.150611,41.69097,-89.144282,41.698995
West Chicago,1780060,-88.262687,41.850391,-88.176069,41.937262
West City,1780073,-88.974719,37.9904,-88.929495,38.004878
West Dundee,1780125,-88.354693,42.066991,-88.273153,42.117902
West Frankfort,1780333,-88.961045,37.871915,-88.89595,37.918239
West Liberty,1780580,-88.09462,38.848487,-88.075868,38.856276
West Peoria,1780736,-89.661321,40.684306,-89.622755,40.710778
West Point,1780762,-91.189752,40.252208,-91.172996,40.257542
West Salem,1780853,-88.021894,38.511478,-87.996509,38.52814
West Union,1780879,-87.679856,39.201372,-87.64729,39.223852
West York,1780957,-87.67559,39.164952,-87.669557,39.172198
Westchester,1780047,-87.918994,41.833179,-87.867061,41.871044
Western Springs,1780242,-87.913629,41.774971,-87.888266,41.820717
Westervelt,1780255,-88.864052,39.476179,-88.857336,39.481917
Westfield,1780281,-88.006079,39.448093,-87.987045,39.463148
Westlake Village,1780570,-89.300993,42.304037,-89.276921,42.318571
Westmont,1780645,-87.994278,41.764814,-87.946816,41.825068
Westville,1780931,-87.649515,40.027369,-87.62762,40.064437
Wheaton,1781048,-88.151555,41.818438,-88.075444,41.889563
Wheeler,1781074,-88.326706,39.034244,-88.310639,39.052472
Wheeling,1781087,-87.96116,42.095157,-87.887568,42.155537
White City,1781191,-89.774143,39.062671,-89.750896,39.082432
White Hall,1781256,-90.420051,39.426004,-90.374626,39.451629
White Heath,1781295,-88.521044,40.081397,-88.503558,40.092132
Whiteash,1781165,-88.937452,37.777595,-88.921449,37.792997
Williamsfield,1781802,-90.028427,40.915725,-90.009408,40.941502
Williamson,1781815,-89.773711,38.97586,-89.754867,38.998757
Williamsville,1781854,-89.587538,39.915442,-89.525126,39.976519
Willisville,1781867,-89.594521,37.977101,-89.58504,37.990302
Willow Hill,1782010,-88.031598,38.988522,-88.011978,39.003104
Willow Lake,1782029,-89.659849,42.321145,-89.612199,42.345951
Willow Springs,1782049,-87.942262,41.698952,-87.848027,41.754388
Willowbrook,1781938,-87.545865,41.435585,-87.525591,41.462268
Willowbrook,1781919,-87.963823,41.74295,-87.923496,41.783263
Wilmette,1782075,-87.778457,42.064666,-87.679343,42.089666
Wilmington,1782101,-88.235604,41.273109,-88.075576,41.376063
Wilmington,1782088,-90.494612,39.473507,-90.475733,39.488012
Wilsonville,1782218,-89.862588,39.059916,-89.848074,39.079857
Wilton Center,1782257,-87.969269,41.346634,-87.944095,41.358104
Winchester,1782270,-90.468507,39.620733,-90.443418,39.640828
Windsor,1782322,-88.602921,39.433272,-88.587379,39.446021
Windsor,1782309,-90.45109,41.194901,-90.436576,41.207064
Winfield,1782400,-88.179496,41.853967,-88.125476,41.908775
Winnebago,1782491,-89.251236,42.254307,-89.207313,42.281388
Winnetka,1782530,-87.770709,42.088327,-87.710799,42.128468
Winslow,1782543,-89.802747,42.486286,-89.789491,42.501242
Winthrop Harbor,1782686,-87.864009,42.466141,-87.797638,42.493097
Witt,1782725,-89.361473,39.244194,-89.335268,39.261186
Wonder Lake,1782855,-88.394463,42.353435,-88.306093,42.410938
Wood Dale,1782985,-88.004964,41.942526,-87.95924,41.992872
Wood River,1783271,-90.120153,38.842548,-90.020463,38.88139
Woodhull,1783063,-90.341817,41.172976,-90.30587,41.184748
Woodland,1783102,-87.739566,40.706856,-87.725883,40.72916
Woodlawn,1783206,-89.050268,38.31627,-89.021216,38.337183
Woodridge,1783245,-88.086697,41.678285,-88.00133,41.779536
Woodson,1783336,-90.233919,39.621663,-90.217486,39.632599
Woodstock,1783349,-88.491777,42.269394,-88.38477,42.356361
Worden,1783505,-89.856938,38.922851,-89.832483,38.940329
Worth,1783518,-87.810496,41.674082,-87.773166,41.702999
Wyanet,1783622,-89.592411,41.352715,-89.571573,41.368891
Wyoming,1783687,-89.784402,41.053044,-89.764223,41.076914
Xenia,1783739,-88.648992,38.628536,-88.630257,38.650691
Yale,1783765,-88.034676,39.11615,-88.014654,39.124618
Yates City,1783817,-90.036499,40.770963,-90.004921,40.78414
Yorkville,1784038,-88.53365,41.573695,-88.389195,41.721891
Zeigler,1784155,-89.062881,37.889844,-89.040934,37.92716
Zion,1784220,-87.898143,42.430765,-87.797181,42.493899
